assessmentId,internalTaxonId,scientificName,kingdomName,phylumName,orderName,className,familyName,genusName,speciesName,infraType,infraName,infraAuthority,authority,redlistCategory,redlistCriteria,criteriaVersion,populationTrend,scopes
510082,12835,Marmota marmota,ANIMALIA,CHORDATA,RODENTIA,MAMMALIA,SCIURIDAE,Marmota,marmota,,,,"(Linnaeus, 1758)",Least Concern,,3.1,Stable,Global & Europe
513875,13493,Microtus duodecimcostatus,ANIMALIA,CHORDATA,RODENTIA,MAMMALIA,CRICETIDAE,Microtus,duodecimcostatus,,,,"(de Selys-Longchamps, 1839)",Least Concern,,3.1,Stable,"Global, Europe & Mediterranean"
738398,155980,Potamopyrgus antipodarum,ANIMALIA,MOLLUSCA,LITTORINIMORPHA,GASTROPODA,TATEIDAE,Potamopyrgus,antipodarum,,,,"(J.E. Gray, 1843)",Least Concern,,3.1,Stable,Global
742146,156558,Norelona pyrenaica,ANIMALIA,MOLLUSCA,STYLOMMATOPHORA,GASTROPODA,ELONIDAE,Norelona,pyrenaica,,,,"(Draparnaud, 1805)",Least Concern,,3.1,Stable,Global & Europe
785848,173805983,Enallagma cyathigerum,ANIMALIA,ARTHROPODA,ODONATA,INSECTA,COENAGRIONIDAE,Enallagma,cyathigerum,,,,"(Charpentier, 1840)",Least Concern,,3.1,Stable,Global
1021826,164064,Phalaris arundinacea,PLANTAE,TRACHEOPHYTA,POALES,LILIOPSIDA,POACEAE,Phalaris,arundinacea,,,,L.,Least Concern,,3.1,Unknown,Global
1048733,164411,Persicaria lapathifolia,PLANTAE,TRACHEOPHYTA,CARYOPHYLLALES,MAGNOLIOPSIDA,POLYGONACEAE,Persicaria,lapathifolia,,,,(L.) Delarbre,Least Concern,,3.1,Unknown,Global
1220938,168748,Beckmannia syzigachne,PLANTAE,TRACHEOPHYTA,POALES,LILIOPSIDA,POACEAE,Beckmannia,syzigachne,,,,(Steud.) Fern.,Least Concern,,3.1,Unknown,Global
1318796,170927,Discus rotundatus,ANIMALIA,MOLLUSCA,STYLOMMATOPHORA,GASTROPODA,DISCIDAE,Discus,rotundatus,,,,"(O.F. Müller, 1774)",Least Concern,,3.1,Stable,Global & Europe
1319090,170948,Arion hortensis,ANIMALIA,MOLLUSCA,STYLOMMATOPHORA,GASTROPODA,ARIONIDAE,Arion,hortensis,,,,"A. Férussac, 1819",Least Concern,,3.1,Increasing,Global & Europe
1319968,171009,Arion fagophilus,ANIMALIA,MOLLUSCA,STYLOMMATOPHORA,GASTROPODA,ARIONIDAE,Arion,fagophilus,,,,"de Winter, 1986",Least Concern,,3.1,Stable,Global & Europe
1320066,171016,Arion rufus,ANIMALIA,MOLLUSCA,STYLOMMATOPHORA,GASTROPODA,ARIONIDAE,Arion,rufus,,,,"(Linnaeus, 1758)",Least Concern,,3.1,Stable,Global & Europe
1320948,171079,Testacella haliotidea,ANIMALIA,MOLLUSCA,STYLOMMATOPHORA,GASTROPODA,TESTACELLIDAE,Testacella,haliotidea,,,,"Draparnaud, 1801",Least Concern,,3.1,Stable,Global & Europe
1322154,171160,Aegopinella epipedostoma,ANIMALIA,MOLLUSCA,STYLOMMATOPHORA,GASTROPODA,OXYCHILIDAE,Aegopinella,epipedostoma,,,,"(Fagot, 1879)",Least Concern,,3.1,Stable,Global & Europe
1323110,171225,Oxychilus cellarius,ANIMALIA,MOLLUSCA,STYLOMMATOPHORA,GASTROPODA,OXYCHILIDAE,Oxychilus,cellarius,,,,"(O.F. Müller, 1774)",Least Concern,,3.1,Increasing,Global & Europe
1323516,171256,Arion molinae,ANIMALIA,MOLLUSCA,STYLOMMATOPHORA,GASTROPODA,ARIONIDAE,Arion,molinae,,,,"Garrido, Castillejo &amp; Iglesias, 1995",Data Deficient,,3.1,Unknown,Global & Europe
1323908,171284,Arion silvaticus,ANIMALIA,MOLLUSCA,STYLOMMATOPHORA,GASTROPODA,ARIONIDAE,Arion,silvaticus,,,,"Lohmander, 1937",Least Concern,,3.1,Stable,Global & Europe
1325822,171415,Macrogastra plicatula,ANIMALIA,MOLLUSCA,STYLOMMATOPHORA,GASTROPODA,CLAUSILIIDAE,Macrogastra,plicatula,,,,"(Draparnaud, 1801)",Least Concern,,3.1,Stable,Global & Europe
1326807,171472,Testacella scutulum,ANIMALIA,MOLLUSCA,STYLOMMATOPHORA,GASTROPODA,TESTACELLIDAE,Testacella,scutulum,,,,"G.B. Sowerby I, 1821",Least Concern,,3.1,Unknown,Global & Europe
1326821,171473,Hypnophila boissii,ANIMALIA,MOLLUSCA,STYLOMMATOPHORA,GASTROPODA,COCHLICOPIDAE,Hypnophila,boissii,,,,"(Dupuy, 1851)",Least Concern,,3.1,Unknown,Global & Europe
1327952,171547,Oxychilus draparnaudi,ANIMALIA,MOLLUSCA,STYLOMMATOPHORA,GASTROPODA,OXYCHILIDAE,Oxychilus,draparnaudi,,,,"(H. Beck, 1837)",Least Concern,,3.1,Increasing,Global & Europe
1328036,171553,Aegopinella nitidula,ANIMALIA,MOLLUSCA,STYLOMMATOPHORA,GASTROPODA,OXYCHILIDAE,Aegopinella,nitidula,,,,"(Draparnaud, 1805)",Least Concern,,3.1,Stable,Global & Europe
1328595,171591,Clausilia bidentata,ANIMALIA,MOLLUSCA,STYLOMMATOPHORA,GASTROPODA,CLAUSILIIDAE,Clausilia,bidentata,,,,"(Strøm, 1765)",Least Concern,,3.1,Stable,Global & Europe
1329211,171636,Arion intermedius,ANIMALIA,MOLLUSCA,STYLOMMATOPHORA,GASTROPODA,ARIONIDAE,Arion,intermedius,,,,"Normand, 1852",Least Concern,,3.1,Stable,Global & Europe
1329435,171652,Limax cinereoniger,ANIMALIA,MOLLUSCA,STYLOMMATOPHORA,GASTROPODA,LIMACIDAE,Limax,cinereoniger,,,,"Wolf, 1803",Least Concern,,3.1,Stable,Global & Europe
1330560,171730,Balea perversa,ANIMALIA,MOLLUSCA,STYLOMMATOPHORA,GASTROPODA,CLAUSILIIDAE,Balea,perversa,,,,"(Linnaeus, 1758)",Least Concern,,3.1,Decreasing,Global & Europe
1331136,171764,Lehmannia valentiana,ANIMALIA,MOLLUSCA,STYLOMMATOPHORA,GASTROPODA,LIMACIDAE,Lehmannia,valentiana,,,,"(Férussac, 1822)",Least Concern,,3.1,Stable,Global & Europe
1423029,175559,Persicaria maculosa,PLANTAE,TRACHEOPHYTA,CARYOPHYLLALES,MAGNOLIOPSIDA,POLYGONACEAE,Persicaria,maculosa,,,,Gray,Least Concern,,3.1,Unknown,Global
1430281,176097,Vicia sativa,PLANTAE,TRACHEOPHYTA,FABALES,MAGNOLIOPSIDA,FABACEAE,Vicia,sativa,,,,L.,Least Concern,,3.1,Stable,Global
1432918,176113,Vicia lathyroides,PLANTAE,TRACHEOPHYTA,FABALES,MAGNOLIOPSIDA,FABACEAE,Vicia,lathyroides,,,,L.,Least Concern,,3.1,Stable,Global
2239955,193504,Narcissus poeticus,PLANTAE,TRACHEOPHYTA,ASPARAGALES,LILIOPSIDA,AMARYLLIDACEAE,Narcissus,poeticus,,,,L.,Least Concern,,3.1,Stable,Global & Europe
2241515,193523,Acer campestre,PLANTAE,TRACHEOPHYTA,SAPINDALES,MAGNOLIOPSIDA,SAPINDACEAE,Acer,campestre,,,,L.,Least Concern,,3.1,Stable,Global
2286184,193853,Acer platanoides,PLANTAE,TRACHEOPHYTA,SAPINDALES,MAGNOLIOPSIDA,SAPINDACEAE,Acer,platanoides,,,,L.,Least Concern,,3.1,Unknown,Global
2757961,202910,Achillea ptarmica,PLANTAE,TRACHEOPHYTA,ASTERALES,MAGNOLIOPSIDA,ASTERACEAE,Achillea,ptarmica,,,,L.,Least Concern,,3.1,Unknown,Global & Europe
2758015,202919,Alchemilla xanthochlora,PLANTAE,TRACHEOPHYTA,ROSALES,MAGNOLIOPSIDA,ROSACEAE,Alchemilla,xanthochlora,,,,Rothm.,Least Concern,,3.1,Unknown,Global & Europe
2758111,202935,Artemisia umbelliformis,PLANTAE,TRACHEOPHYTA,ASTERALES,MAGNOLIOPSIDA,ASTERACEAE,Artemisia,umbelliformis,,,,Lam.,Least Concern,,3.1,Stable,Global & Europe
2758363,202977,Colchicum autumnale,PLANTAE,TRACHEOPHYTA,LILIALES,LILIOPSIDA,COLCHICACEAE,Colchicum,autumnale,,,,L.,Least Concern,,3.1,Stable,Global & Europe
2758537,203007,Rhododendron ferrugineum,PLANTAE,TRACHEOPHYTA,ERICALES,MAGNOLIOPSIDA,ERICACEAE,Rhododendron,ferrugineum,,,,L.,Least Concern,,3.1,Stable,Global & Europe
2762385,203217,Gentiana acaulis,PLANTAE,TRACHEOPHYTA,GENTIANALES,MAGNOLIOPSIDA,GENTIANACEAE,Gentiana,acaulis,,,,L.,Least Concern,,3.1,Unknown,Global & Europe
2762427,203224,Erodium foetidum,PLANTAE,TRACHEOPHYTA,GERANIALES,MAGNOLIOPSIDA,GERANIACEAE,Erodium,foetidum,,,,(L.) L'Hér.,Least Concern,,3.1,Unknown,"Global, Europe & Mediterranean"
2762440,203226,Ramonda myconi,PLANTAE,TRACHEOPHYTA,LAMIALES,MAGNOLIOPSIDA,GESNERIACEAE,Ramonda,myconi,,,,(L.) Rchb.,Least Concern,,3.1,Decreasing,Global & Europe
2762520,203239,Galeopsis segetum,PLANTAE,TRACHEOPHYTA,LAMIALES,MAGNOLIOPSIDA,LAMIACEAE,Galeopsis,segetum,,,,"Neck., Hist. &amp; Commentat.",Data Deficient,,3.1,Decreasing,Global & Europe
2762648,203260,Salvia officinalis,PLANTAE,TRACHEOPHYTA,LAMIALES,MAGNOLIOPSIDA,LAMIACEAE,Salvia,officinalis,,,,L.,Least Concern,,3.1,Stable,Global & Europe
2762696,203268,Sideritis hyssopifolia,PLANTAE,TRACHEOPHYTA,LAMIALES,MAGNOLIOPSIDA,LAMIACEAE,Sideritis,hyssopifolia,,,,L.,Least Concern,,3.1,Unknown,Global & Europe
2764331,203355,Trifolium alpinum,PLANTAE,TRACHEOPHYTA,FABALES,MAGNOLIOPSIDA,FABACEAE,Trifolium,alpinum,,,,L.,Least Concern,,3.1,Decreasing,Global & Europe
2764845,203391,Polygala calcarea,PLANTAE,TRACHEOPHYTA,FABALES,MAGNOLIOPSIDA,POLYGALACEAE,Polygala,calcarea,,,,F.W.Schultz,Least Concern,,3.1,Stable,Global & Europe
2765725,203449,Rosa pendulina,PLANTAE,TRACHEOPHYTA,ROSALES,MAGNOLIOPSIDA,ROSACEAE,Rosa,pendulina,,,,L.,Least Concern,,3.1,Unknown,Global & Europe
2765980,203468,Salix daphnoides,PLANTAE,TRACHEOPHYTA,MALPIGHIALES,MAGNOLIOPSIDA,SALICACEAE,Salix,daphnoides,,,,Vill.,Least Concern,,3.1,Unknown,Global & Europe
2792030,29663,Sorex coronatus,ANIMALIA,CHORDATA,EULIPOTYPHLA,MAMMALIA,SORICIDAE,Sorex,coronatus,,,,"Millet, 1828",Least Concern,,3.1,Stable,Global & Europe
2896811,39315,Microtus gerbei,ANIMALIA,CHORDATA,RODENTIA,MAMMALIA,CRICETIDAE,Microtus,gerbei,,,,"(Gerbe, 1879)",Least Concern,,3.1,Stable,"Global, Europe & Mediterranean"
2963096,42229,Juniperus communis,PLANTAE,TRACHEOPHYTA,PINALES,PINOPSIDA,CUPRESSACEAE,Juniperus,communis,,,,L.,Least Concern,,3.1,Increasing,Global
2965838,42243,Juniperus oxycedrus,PLANTAE,TRACHEOPHYTA,PINALES,PINOPSIDA,CUPRESSACEAE,Juniperus,oxycedrus,,,,L.,Least Concern,,3.1,Stable,Global
2976817,42386,Pinus nigra,PLANTAE,TRACHEOPHYTA,PINALES,PINOPSIDA,PINACEAE,Pinus,nigra,,,,J.F.Arnold,Least Concern,,3.1,Stable,Global
3195818,10344,Hygromia golasi,ANIMALIA,MOLLUSCA,STYLOMMATOPHORA,GASTROPODA,HYGROMIIDAE,Hygromia,golasi,,,,"Prieto &amp; Puente, 1992",Vulnerable,D2,2.3,,Global
4133713,135500,Gobio occitaniae,ANIMALIA,CHORDATA,CYPRINIFORMES,ACTINOPTERYGII,GOBIONIDAE,Gobio,occitaniae,,,,"Kottelat &amp; Persat, 2005",Least Concern,,3.1,Unknown,Global & Europe
4137604,135524,Leuciscus burdigalensis,ANIMALIA,CHORDATA,CYPRINIFORMES,ACTINOPTERYGII,LEUCISCIDAE,Leuciscus,burdigalensis,,,,"Valenciennes, 1844",Least Concern,,3.1,Unknown,Global & Europe
4141357,135541,Barbatula quignardi,ANIMALIA,CHORDATA,CYPRINIFORMES,ACTINOPTERYGII,NEMACHEILIDAE,Barbatula,quignardi,,,,"(Bǎcescu-Meşter, 1967)",Least Concern,,3.1,Unknown,Global & Europe
4141498,135542,Phoxinus bigerri,ANIMALIA,CHORDATA,CYPRINIFORMES,ACTINOPTERYGII,LEUCISCIDAE,Phoxinus,bigerri,,,,"Kottelat, 2007",Least Concern,,3.1,Unknown,Global & Europe
4149912,135573,Cottus hispaniolensis,ANIMALIA,CHORDATA,SCORPAENIFORMES,ACTINOPTERYGII,COTTIDAE,Cottus,hispaniolensis,,,,"Bǎcescu &amp; Bǎcescu-Meşter, 1964",Least Concern,,3.1,Unknown,Global & Europe
4177674,135676,Squalius laietanus,ANIMALIA,CHORDATA,CYPRINIFORMES,ACTINOPTERYGII,LEUCISCIDAE,Squalius,laietanus,,,,"Doadrio, Kottelat &amp; de Sostoa, 2007",Least Concern,,3.1,Unknown,Global & Europe
4177818,135677,Gobio lozanoi,ANIMALIA,CHORDATA,CYPRINIFORMES,ACTINOPTERYGII,GOBIONIDAE,Gobio,lozanoi,,,,"Doadrio &amp; Madeira, 2004",Least Concern,,3.1,Unknown,Global & Europe
4184980,135696,Abramis brama,ANIMALIA,CHORDATA,CYPRINIFORMES,ACTINOPTERYGII,LEUCISCIDAE,Abramis,brama,,,,"(Linnaeus, 1758)",Least Concern,,3.1,Unknown,Global
4795613,155543,Unio pictorum,ANIMALIA,MOLLUSCA,UNIONIDA,BIVALVIA,UNIONIDAE,Unio,pictorum,,,,"(Linnaeus, 1758)",Least Concern,,3.1,Unknown,Global
4828451,155711,Bythinella baudoni,ANIMALIA,MOLLUSCA,LITTORINIMORPHA,GASTROPODA,BYTHINELLIDAE,Bythinella,baudoni,,,,"(Paladilhe, 1874)",Least Concern,,3.1,Unknown,Global & Europe
4898810,156111,Unio tumidus,ANIMALIA,MOLLUSCA,UNIONIDA,BIVALVIA,UNIONIDAE,Unio,tumidus,,,,"Retzius, 1788",Least Concern,,3.1,Unknown,Global
4936874,156387,Pseudotachea splendida,ANIMALIA,MOLLUSCA,STYLOMMATOPHORA,GASTROPODA,HELICIDAE,Pseudotachea,splendida,,,,"(Draparnaud, 1801)",Least Concern,,3.1,Stable,Global & Europe
4939689,156402,Euomphalia strigella,ANIMALIA,MOLLUSCA,STYLOMMATOPHORA,GASTROPODA,HYGROMIIDAE,Euomphalia,strigella,,,,"(Draparnaud, 1801)",Least Concern,,3.1,Stable,Global & Europe
4945364,156440,Corneola squamatina,ANIMALIA,MOLLUSCA,STYLOMMATOPHORA,GASTROPODA,HELICIDAE,Corneola,squamatina,,,,"(Rossmässler, 1835)",Least Concern,,3.1,Stable,Global & Europe
4946007,156445,Xerosecta arigonis,ANIMALIA,MOLLUSCA,STYLOMMATOPHORA,GASTROPODA,GEOMITRIDAE,Xerosecta,arigonis,,,,"(A. Schmidt, 1853)",Least Concern,,3.1,Stable,Global & Europe
4947368,156455,Merdigera obscura,ANIMALIA,MOLLUSCA,STYLOMMATOPHORA,GASTROPODA,ENIDAE,Merdigera,obscura,,,,"(O.F. Müller, 1774)",Least Concern,,3.1,Stable,Global
4947924,156458,Hygromia tassyi,ANIMALIA,MOLLUSCA,STYLOMMATOPHORA,GASTROPODA,HYGROMIIDAE,Hygromia,tassyi,,,,"(Bourguignat, 1884)",Vulnerable,D2,3.1,Unknown,Global & Europe
4949000,156463,Jaminia quadridens,ANIMALIA,MOLLUSCA,STYLOMMATOPHORA,GASTROPODA,ENIDAE,Jaminia,quadridens,,,,"(O.F. Müller, 1774)",Least Concern,,3.1,Unknown,Global & Europe
4951506,156479,Ena montana,ANIMALIA,MOLLUSCA,STYLOMMATOPHORA,GASTROPODA,ENIDAE,Ena,montana,,,,"(Draparnaud, 1801)",Least Concern,,3.1,Stable,Global & Europe
4964331,156557,Corneola desmoulinsii,ANIMALIA,MOLLUSCA,STYLOMMATOPHORA,GASTROPODA,HELICIDAE,Corneola,desmoulinsii,,,,"(Farines, 1834)",Least Concern,,3.1,Unknown,Global & Europe
4974342,156622,Chondrina tenuimarginata,ANIMALIA,MOLLUSCA,STYLOMMATOPHORA,GASTROPODA,CHONDRINIDAE,Chondrina,tenuimarginata,,,,"(Des Moulins, 1835)",Least Concern,,3.1,Stable,Global & Europe
4978753,156651,Ciliella ciliata,ANIMALIA,MOLLUSCA,STYLOMMATOPHORA,GASTROPODA,HYGROMIIDAE,Ciliella,ciliata,,,,"(W. Hartmann, 1821)",Least Concern,,3.1,Stable,Global & Europe
4986329,156706,Pyrenaearia carascalensis,ANIMALIA,MOLLUSCA,STYLOMMATOPHORA,GASTROPODA,HYGROMIIDAE,Pyrenaearia,carascalensis,,,,"(Michaud, 1831)",Least Concern,,3.1,Stable,Global & Europe
4991422,156749,Semilimax pyrenaicus,ANIMALIA,MOLLUSCA,STYLOMMATOPHORA,GASTROPODA,VITRINIDAE,Semilimax,pyrenaicus,,,,"(A. Férussac, 1821)",Least Concern,,3.1,Unknown,Global & Europe
4992624,156756,Granaria braunii,ANIMALIA,MOLLUSCA,STYLOMMATOPHORA,GASTROPODA,CHONDRINIDAE,Granaria,braunii,,,,"(Rossmässler, 1842)",Least Concern,,3.1,Stable,Global & Europe
5003633,156823,Abida occidentalis,ANIMALIA,MOLLUSCA,STYLOMMATOPHORA,GASTROPODA,CHONDRINIDAE,Abida,occidentalis,,,,"(Fagot, 1888)",Least Concern,,3.1,Unknown,Global & Europe
5004254,156829,Abida polyodon,ANIMALIA,MOLLUSCA,STYLOMMATOPHORA,GASTROPODA,CHONDRINIDAE,Abida,polyodon,,,,"(Draparnaud, 1801)",Least Concern,,3.1,Unknown,Global & Europe
5009389,156865,Helicigona lapicida,ANIMALIA,MOLLUSCA,STYLOMMATOPHORA,GASTROPODA,HELICIDAE,Helicigona,lapicida,,,,"(Linnaeus, 1758)",Least Concern,,3.1,Stable,Global & Europe
5013701,156896,Cepaea nemoralis,ANIMALIA,MOLLUSCA,STYLOMMATOPHORA,GASTROPODA,HELICIDAE,Cepaea,nemoralis,,,,"(Linnaeus, 1758)",Least Concern,,3.1,Stable,Global & Europe
5019903,156946,Xerotricha madritensis,ANIMALIA,MOLLUSCA,STYLOMMATOPHORA,GASTROPODA,GEOMITRIDAE,Xerotricha,madritensis,,,,"(Rambur, 1868)",Least Concern,,3.1,Stable,Global & Europe
5032930,157093,Xerocrassa penchinati,ANIMALIA,MOLLUSCA,STYLOMMATOPHORA,GASTROPODA,GEOMITRIDAE,Xerocrassa,penchinati,,,,"(Bourguignat, 1868)",Least Concern,,3.1,Stable,Global & Europe
5033989,157024,Pupilla muscorum,ANIMALIA,MOLLUSCA,STYLOMMATOPHORA,GASTROPODA,PUPILLIDAE,Pupilla,muscorum,,,,"(Linnaeus, 1758)",Least Concern,,3.1,Decreasing,Global & Europe
5036175,157031,Hygromia limbata,ANIMALIA,MOLLUSCA,STYLOMMATOPHORA,GASTROPODA,HYGROMIIDAE,Hygromia,limbata,,,,"(Draparnaud, 1805)",Least Concern,,3.1,Unknown,Global & Europe
5041945,157127,Abida secale,ANIMALIA,MOLLUSCA,STYLOMMATOPHORA,GASTROPODA,CHONDRINIDAE,Abida,secale,,,,"(Draparnaud, 1801)",Least Concern,,3.1,Stable,Global & Europe
5043113,157059,Phenacolimax major,ANIMALIA,MOLLUSCA,STYLOMMATOPHORA,GASTROPODA,VITRINIDAE,Phenacolimax,major,,,,"(A. Férussac, 1807)",Near Threatened,,3.1,Decreasing,Global & Europe
5053991,157201,Chondrina farinesii,ANIMALIA,MOLLUSCA,STYLOMMATOPHORA,GASTROPODA,CHONDRINIDAE,Chondrina,farinesii,,,,"(Des Moulins, 1835)",Least Concern,,3.1,Stable,Global & Europe
5054687,157208,Cepaea hortensis,ANIMALIA,MOLLUSCA,STYLOMMATOPHORA,GASTROPODA,HELICIDAE,Cepaea,hortensis,,,,"(O.F. Müller, 1774)",Least Concern,,3.1,Stable,Global & Europe
5072508,157292,Eirenis modestus,ANIMALIA,CHORDATA,SQUAMATA,REPTILIA,COLUBRIDAE,Eirenis,modestus,,,,"(Martin, 1838)",Least Concern,,3.1,Stable,Global
5372859,160590,Erebia cassioides,ANIMALIA,ARTHROPODA,LEPIDOPTERA,INSECTA,NYMPHALIDAE,Erebia,cassioides,,,,"(Reiner &amp; Hochenwarth, 1792)",Least Concern,,3.1,Decreasing,Global & Europe
5387318,161033,Erebia neoridas,ANIMALIA,ARTHROPODA,LEPIDOPTERA,INSECTA,NYMPHALIDAE,Erebia,neoridas,,,,"(Boisduval, 1828)",Least Concern,,3.1,Stable,Global & Europe
5391162,161189,Erebia gorge,ANIMALIA,ARTHROPODA,LEPIDOPTERA,INSECTA,NYMPHALIDAE,Erebia,gorge,,,,"(Hübner, 1804)",Least Concern,,3.1,Decreasing,Global & Europe
5574104,162327,Arnica montana,PLANTAE,TRACHEOPHYTA,ASTERALES,MAGNOLIOPSIDA,ASTERACEAE,Arnica,montana,,,,L.,Least Concern,,3.1,Decreasing,Global & Europe
6135168,16580,Perca fluviatilis,ANIMALIA,CHORDATA,PERCIFORMES,ACTINOPTERYGII,PERCIDAE,Perca,fluviatilis,,,,"Linnaeus, 1758",Least Concern,,3.1,Unknown,Global
6541061,168850,Nymphoides parvifolia,PLANTAE,TRACHEOPHYTA,ASTERALES,MAGNOLIOPSIDA,MENYANTHACEAE,Nymphoides,parvifolia,,,,(Griseb.) Kuntze,Least Concern,,3.1,Stable,Global
6795882,17067,Phoxinus phoxinus,ANIMALIA,CHORDATA,CYPRINIFORMES,ACTINOPTERYGII,LEUCISCIDAE,Phoxinus,phoxinus,,,,"(Linnaeus, 1758)",Least Concern,,3.1,Unknown,Global
6840654,172165,Lactuca plumieri,PLANTAE,TRACHEOPHYTA,ASTERALES,MAGNOLIOPSIDA,ASTERACEAE,Lactuca,plumieri,,,,(L.) Gren. &amp; Godr.,Data Deficient,,3.1,Unknown,Global & Europe
6853337,172227,Lactuca perennis,PLANTAE,TRACHEOPHYTA,ASTERALES,MAGNOLIOPSIDA,ASTERACEAE,Lactuca,perennis,,,,L.,Data Deficient,,3.1,Unknown,Global & Europe
6974162,173209,Hipparchia fagi,ANIMALIA,ARTHROPODA,LEPIDOPTERA,INSECTA,NYMPHALIDAE,Hipparchia,fagi,,,,"(Scopoli, 1763)",Near Threatened,,3.1,Decreasing,Global & Europe
6974668,173211,Lysandra coridon,ANIMALIA,ARTHROPODA,LEPIDOPTERA,INSECTA,LYCAENIDAE,Lysandra,coridon,,,,"(Poda, 1761)",Least Concern,,3.1,Stable,Global & Europe
6975382,173216,Pyrgus andromedae,ANIMALIA,ARTHROPODA,LEPIDOPTERA,INSECTA,HESPERIIDAE,Pyrgus,andromedae,,,,"(Wallengren, 1853)",Least Concern,,3.1,Decreasing,Global & Europe
6975697,173218,Erebia rondoui,ANIMALIA,ARTHROPODA,LEPIDOPTERA,INSECTA,NYMPHALIDAE,Erebia,rondoui,,,,"Oberthür, 1908",Least Concern,,3.1,Stable,Global & Europe
6976625,173226,Pyrgus cacaliae,ANIMALIA,ARTHROPODA,LEPIDOPTERA,INSECTA,HESPERIIDAE,Pyrgus,cacaliae,,,,"(Rambur, 1839)",Least Concern,,3.1,Decreasing,Global & Europe
6977962,173236,Erebia meolans,ANIMALIA,ARTHROPODA,LEPIDOPTERA,INSECTA,NYMPHALIDAE,Erebia,meolans,,,,"(de Prunner, 1798)",Least Concern,,3.1,Stable,Global & Europe
6979486,173246,Erebia oeme,ANIMALIA,ARTHROPODA,LEPIDOPTERA,INSECTA,NYMPHALIDAE,Erebia,oeme,,,,"(Hübner, 1804)",Least Concern,,3.1,Decreasing,Global & Europe
6980048,173250,Erebia lefebvrei,ANIMALIA,ARTHROPODA,LEPIDOPTERA,INSECTA,NYMPHALIDAE,Erebia,lefebvrei,,,,"(Boisduval, 1828)",Least Concern,,3.1,Stable,Global & Europe
6980554,173254,Hipparchia semele,ANIMALIA,ARTHROPODA,LEPIDOPTERA,INSECTA,NYMPHALIDAE,Hipparchia,semele,,,,"(Linnaeus, 1758)",Least Concern,,3.1,Decreasing,Global & Europe
6980937,173256,Agriades glandon,ANIMALIA,ARTHROPODA,LEPIDOPTERA,INSECTA,LYCAENIDAE,Agriades,glandon,,,,"(de Prunner, 1798)",Least Concern,,3.1,Stable,Global & Europe
6982030,173263,Colias phicomone,ANIMALIA,ARTHROPODA,LEPIDOPTERA,INSECTA,PIERIDAE,Colias,phicomone,,,,"(Esper, 1780)",Near Threatened,,3.1,Decreasing,Global & Europe
6982623,173268,Aricia morronensis,ANIMALIA,ARTHROPODA,LEPIDOPTERA,INSECTA,LYCAENIDAE,Aricia,morronensis,,,,"(Ribbe, 1910)",Least Concern,,3.1,Stable,Global & Europe
6983854,173276,Anthocharis euphenoides,ANIMALIA,ARTHROPODA,LEPIDOPTERA,INSECTA,PIERIDAE,Anthocharis,euphenoides,,,,"Staudinger, 1869",Least Concern,,3.1,Stable,Global & Europe
6983969,173277,Pseudophilotes baton,ANIMALIA,ARTHROPODA,LEPIDOPTERA,INSECTA,LYCAENIDAE,Pseudophilotes,baton,,,,"(Bergsträsser, 1779)",Least Concern,,3.1,Decreasing,Global & Europe
6984946,173282,Satyrus actaea,ANIMALIA,ARTHROPODA,LEPIDOPTERA,INSECTA,NYMPHALIDAE,Satyrus,actaea,,,,"(Esper, 1781)",Least Concern,,3.1,Stable,Global & Europe
6985207,173284,Erebia epiphron,ANIMALIA,ARTHROPODA,LEPIDOPTERA,INSECTA,NYMPHALIDAE,Erebia,epiphron,,,,"(Knoch, 1783)",Least Concern,,3.1,Decreasing,Global & Europe
6985736,173288,Melanargia lachesis,ANIMALIA,ARTHROPODA,LEPIDOPTERA,INSECTA,NYMPHALIDAE,Melanargia,lachesis,,,,"(Hübner, 1790)",Least Concern,,3.1,Increasing,Global & Europe
6986951,173297,Laeosopis roboris,ANIMALIA,ARTHROPODA,LEPIDOPTERA,INSECTA,LYCAENIDAE,Laeosopis,roboris,,,,"(Esper, 1794)",Least Concern,,3.1,Stable,Global & Europe
6988357,173309,Pyrgus malvoides,ANIMALIA,ARTHROPODA,LEPIDOPTERA,INSECTA,HESPERIIDAE,Pyrgus,malvoides,,,,"(Elwes &amp; Edwards, 1897)",Least Concern,,3.1,Stable,Global & Europe
6989319,173315,Melitaea parthenoides,ANIMALIA,ARTHROPODA,LEPIDOPTERA,INSECTA,NYMPHALIDAE,Melitaea,parthenoides,,,,"Keferstein, 1851",Least Concern,,3.1,Decreasing,Global & Europe
7153465,175957,Ophrys insectifera,PLANTAE,TRACHEOPHYTA,ASPARAGALES,LILIOPSIDA,ORCHIDACEAE,Ophrys,insectifera,,,,L.,Least Concern,,3.1,Unknown,Global & Europe
8279278,18446,Pseudanodonta complanata,ANIMALIA,MOLLUSCA,UNIONIDA,BIVALVIA,UNIONIDAE,Pseudanodonta,complanata,,,,"Rossmässler, 1835",Vulnerable,A2ace+4ace,3.1,Unknown,Global
8687705,189062,Segmentina distinguenda,ANIMALIA,MOLLUSCA,HYGROPHILA,GASTROPODA,PLANORBIDAE,Segmentina,distinguenda,,,,"Gredler, 1859",Least Concern,,3.1,Unknown,Global
8691280,189139,Acroloxus rossicus,ANIMALIA,MOLLUSCA,HYGROPHILA,GASTROPODA,ACROLOXIDAE,Acroloxus,rossicus,,,,"Kruglov &amp; Starobogatov, 1991",Least Concern,,3.1,Unknown,Global
8707696,189258,Segmentina molytes,ANIMALIA,MOLLUSCA,HYGROPHILA,GASTROPODA,PLANORBIDAE,Segmentina,molytes,,,,"Westerlund, 1885",Least Concern,,3.1,Unknown,Global
8729546,189420,Segmentina servaini,ANIMALIA,MOLLUSCA,HYGROPHILA,GASTROPODA,PLANORBIDAE,Segmentina,servaini,,,,"Bourguignat, 1881",Data Deficient,,3.1,Unknown,Global
8744942,189531,Sphaerium galitzini,ANIMALIA,MOLLUSCA,VENERIDA,BIVALVIA,SPHAERIIDAE,Sphaerium,galitzini,,,,"Clessin, 1875",Data Deficient,,3.1,Unknown,Global
8801848,190499,Abida vergniesiana,ANIMALIA,MOLLUSCA,STYLOMMATOPHORA,GASTROPODA,CHONDRINIDAE,Abida,vergniesiana,,,,"(Küster, 1847)",Near Threatened,,3.1,Stable,Global & Europe
8998129,196117,Vertigo arctica,ANIMALIA,MOLLUSCA,STYLOMMATOPHORA,GASTROPODA,VERTIGINIDAE,Vertigo,arctica,,,,"(Wallenberg, 1858)",Near Threatened,,3.1,Unknown,Global & Europe
9014741,19787,Rutilus rutilus,ANIMALIA,CHORDATA,CYPRINIFORMES,ACTINOPTERYGII,LEUCISCIDAE,Rutilus,rutilus,,,,"(Linnaeus, 1758)",Least Concern,,3.1,Unknown,Global
9050312,19861,Salmo trutta,ANIMALIA,CHORDATA,SALMONIFORMES,ACTINOPTERYGII,SALMONIDAE,Salmo,trutta,,,,"Linnaeus, 1758",Least Concern,,3.1,Unknown,Global & Europe
9112799,19946,Scardinius erythrophthalmus,ANIMALIA,CHORDATA,CYPRINIFORMES,ACTINOPTERYGII,LEUCISCIDAE,Scardinius,erythrophthalmus,,,,"(Linnaeus, 1758)",Least Concern,,3.1,Unknown,Global
9338388,2191,Astacus astacus,ANIMALIA,ARTHROPODA,DECAPODA,MALACOSTRACA,ASTACIDAE,Astacus,astacus,,,,"(Linnaeus, 1758)",Vulnerable,A2ad,3.1,Decreasing,Global
9339248,21912,Tinca tinca,ANIMALIA,CHORDATA,CYPRINIFORMES,ACTINOPTERYGII,TINCIDAE,Tinca,tinca,,,,"(Linnaeus, 1758)",Least Concern,,3.1,Unknown,Global
9458917,2587,Luciobarbus graellsii,ANIMALIA,CHORDATA,CYPRINIFORMES,ACTINOPTERYGII,CYPRINIDAE,Luciobarbus,graellsii,,,,"(Steindachner, 1866)",Least Concern,,3.1,Unknown,Global & Europe
9815996,3387,Bythinella reyniesii,ANIMALIA,MOLLUSCA,LITTORINIMORPHA,GASTROPODA,BYTHINELLIDAE,Bythinella,reyniesii,,,,"(Dupuy, 1851)",Least Concern,,3.1,Unknown,Global & Europe
10240539,39481,Pyrgus cirsii,ANIMALIA,ARTHROPODA,LEPIDOPTERA,INSECTA,HESPERIIDAE,Pyrgus,cirsii,,,,"(Rambur, 1839)",Vulnerable,A2c,3.1,Decreasing,Global & Europe
11159939,54596,Bufo bufo,ANIMALIA,CHORDATA,ANURA,AMPHIBIA,BUFONIDAE,Bufo,bufo,,,,"(Linnaeus, 1758)",Least Concern,,3.1,Stable,Global
12497596,61513,Iberolacerta aurelioi,ANIMALIA,CHORDATA,SQUAMATA,REPTILIA,LACERTIDAE,Iberolacerta,aurelioi,,,,"(Arribas, 1994)",Endangered,B1ab(iii)+2ab(iii),3.1,Decreasing,Global & Europe
12501065,61519,Lacerta bilineata,ANIMALIA,CHORDATA,SQUAMATA,REPTILIA,LACERTIDAE,Lacerta,bilineata,,,,"Daudin, 1802",Least Concern,,3.1,Decreasing,Global & Europe
12835766,7618,Eliomys quercinus,ANIMALIA,CHORDATA,RODENTIA,MAMMALIA,GLIRIDAE,Eliomys,quercinus,,,,"(Linnaeus, 1766)",Near Threatened,,3.1,Decreasing,Global & Europe
12879096,7980,Erebia gorgone,ANIMALIA,ARTHROPODA,LEPIDOPTERA,INSECTA,NYMPHALIDAE,Erebia,gorgone,,,,"Boisduval, 1833",Least Concern,,3.1,Stable,Global & Europe
13318586,13318348,Panurgus dentipes,ANIMALIA,ARTHROPODA,HYMENOPTERA,INSECTA,ANDRENIDAE,Panurgus,dentipes,,,,"Latreille, 1811",Least Concern,,3.1,Stable,Global & Europe
13324713,13323697,Macropis europaea,ANIMALIA,ARTHROPODA,HYMENOPTERA,INSECTA,MELITTIDAE,Macropis,europaea,,,,"Warncke, 1973",Least Concern,,3.1,Decreasing,Global & Europe
13542516,175575,Rorippa microphylla,PLANTAE,TRACHEOPHYTA,BRASSICALES,MAGNOLIOPSIDA,BRASSICACEAE,Rorippa,microphylla,,,,(Rchb.) H.Hyl.,Least Concern,,3.1,Stable,Global
13545918,164079,Cyperus fuscus,PLANTAE,TRACHEOPHYTA,POALES,LILIOPSIDA,CYPERACEAE,Cyperus,fuscus,,,,L.,Least Concern,,3.1,Unknown,Global
13572532,164138,Ranunculus trichophyllus,PLANTAE,TRACHEOPHYTA,RANUNCULALES,MAGNOLIOPSIDA,RANUNCULACEAE,Ranunculus,trichophyllus,,,,Chaix,Least Concern,,3.1,Stable,Global
17196933,156181,Ancylus fluviatilis,ANIMALIA,MOLLUSCA,HYGROPHILA,GASTROPODA,PLANORBIDAE,Ancylus,fluviatilis,,,,"O.F. Müller, 1774",Least Concern,,3.1,Unknown,Global
19009224,61205,Squalius cephalus,ANIMALIA,CHORDATA,CYPRINIFORMES,ACTINOPTERYGII,LEUCISCIDAE,Squalius,cephalus,,,,"(Linnaeus, 1758)",Least Concern,,3.1,Unknown,Global
19160047,165525,Ischnura pumilio,ANIMALIA,ARTHROPODA,ODONATA,INSECTA,COENAGRIONIDAE,Ischnura,pumilio,,,,"(Charpentier, 1825)",Least Concern,,3.1,Stable,Global
19160630,165500,Pyrrhosoma nymphula,ANIMALIA,ARTHROPODA,ODONATA,INSECTA,COENAGRIONIDAE,Pyrrhosoma,nymphula,,,,"(Sulzer, 1776)",Least Concern,,3.1,Stable,Global
19165578,165475,Lestes sponsa,ANIMALIA,ARTHROPODA,ODONATA,INSECTA,LESTIDAE,Lestes,sponsa,,,,"(Hansemann, 1823)",Least Concern,,3.1,Stable,Global
19167508,165531,Libellula depressa,ANIMALIA,ARTHROPODA,ODONATA,INSECTA,LIBELLULIDAE,Libellula,depressa,,,,"Linnaeus, 1758",Least Concern,,3.1,Stable,Global
19170436,165483,Sympetrum vulgatum,ANIMALIA,ARTHROPODA,ODONATA,INSECTA,LIBELLULIDAE,Sympetrum,vulgatum,,,,"(Linnaeus, 1758)",Least Concern,,3.1,Stable,Global
19391728,172256,Allium schoenoprasum,PLANTAE,TRACHEOPHYTA,ASPARAGALES,LILIOPSIDA,AMARYLLIDACEAE,Allium,schoenoprasum,,,,L.,Least Concern,,3.1,Stable,Global
19400568,172194,Prunus spinosa,PLANTAE,TRACHEOPHYTA,ROSALES,MAGNOLIOPSIDA,ROSACEAE,Prunus,spinosa,,,,L.,Least Concern,,3.1,Stable,Global
19405519,176568,Lathyrus sylvestris,PLANTAE,TRACHEOPHYTA,FABALES,MAGNOLIOPSIDA,FABACEAE,Lathyrus,sylvestris,,,,L.,Least Concern,,3.1,Stable,Global
19406412,176573,Lathyrus latifolius,PLANTAE,TRACHEOPHYTA,FABALES,MAGNOLIOPSIDA,FABACEAE,Lathyrus,latifolius,,,,L.,Least Concern,,3.1,Stable,Global
19620971,19617543,Sonchus palustris,PLANTAE,TRACHEOPHYTA,ASTERALES,MAGNOLIOPSIDA,ASTERACEAE,Sonchus,palustris,,,,L.,Least Concern,,3.1,Stable,Global
19631946,175287,Pinguicula vulgaris,PLANTAE,TRACHEOPHYTA,LAMIALES,MAGNOLIOPSIDA,LENTIBULARIACEAE,Pinguicula,vulgaris,,,,L.,Least Concern,,3.1,Stable,Global
20075266,19891454,Genista sagittalis,PLANTAE,TRACHEOPHYTA,FABALES,MAGNOLIOPSIDA,FABACEAE,Genista,sagittalis,,,,L.,Least Concern,,3.1,Stable,Global & Europe
20162365,19892649,Vicia orobus,PLANTAE,TRACHEOPHYTA,FABALES,MAGNOLIOPSIDA,FABACEAE,Vicia,orobus,,,,DC.,Least Concern,,3.1,Stable,Global
20162684,19379811,Vicia tenuifolia,PLANTAE,TRACHEOPHYTA,FABALES,MAGNOLIOPSIDA,FABACEAE,Vicia,tenuifolia,,,,Roth,Least Concern,,3.1,Stable,Global
21154640,19199277,Hoplitis ochraceicornis,ANIMALIA,ARTHROPODA,HYMENOPTERA,INSECTA,MEGACHILIDAE,Hoplitis,ochraceicornis,,,,"(Ferton, 1902)",Least Concern,,3.1,Unknown,Global & Europe
21154765,19198894,Hoplitis villosa,ANIMALIA,ARTHROPODA,HYMENOPTERA,INSECTA,MEGACHILIDAE,Hoplitis,villosa,,,,"(Schenck, 1853)",Least Concern,,3.1,Unknown,Global & Europe
21312716,19199286,Andrena semilaevis,ANIMALIA,ARTHROPODA,HYMENOPTERA,INSECTA,ANDRENIDAE,Andrena,semilaevis,,,,"Pérez, 1903",Data Deficient,,3.1,Unknown,Global & Europe
21400900,156066,Anodonta cygnea,ANIMALIA,MOLLUSCA,UNIONIDA,BIVALVIA,UNIONIDAE,Anodonta,cygnea,,,,"(Linnaeus, 1758)",Least Concern,,3.1,Decreasing,Global
21842538,163979,Utricularia australis,PLANTAE,TRACHEOPHYTA,LAMIALES,MAGNOLIOPSIDA,LENTIBULARIACEAE,Utricularia,australis,,,,R.Br.,Least Concern,,3.1,Unknown,Global
21971185,19516,Rhinolophus euryale,ANIMALIA,CHORDATA,CHIROPTERA,MAMMALIA,RHINOLOPHIDAE,Rhinolophus,euryale,,,,"Blasius, 1853",Near Threatened,,3.1,Decreasing,Global
21972794,19518,Rhinolophus hipposideros,ANIMALIA,CHORDATA,CHIROPTERA,MAMMALIA,RHINOLOPHIDAE,Rhinolophus,hipposideros,,,,"(Bechstein, 1800)",Least Concern,,3.1,Decreasing,Global
21973253,19517,Rhinolophus ferrumequinum,ANIMALIA,CHORDATA,CHIROPTERA,MAMMALIA,RHINOLOPHIDAE,Rhinolophus,ferrumequinum,,,,"(Schreber, 1774)",Least Concern,,3.1,Decreasing,Global
22002229,136229,Plecotus macrobullaris,ANIMALIA,CHORDATA,CHIROPTERA,MAMMALIA,VESPERTILIONIDAE,Plecotus,macrobullaris,,,,"Kuzjakin, 1965",Least Concern,,3.1,Decreasing,Global
22015318,14918,Nyctalus lasiopterus,ANIMALIA,CHORDATA,CHIROPTERA,MAMMALIA,VESPERTILIONIDAE,Nyctalus,lasiopterus,,,,"(Schreber, 1780)",Vulnerable,A4c; C2a(i),3.1,Decreasing,Global
22015682,14920,Nyctalus noctula,ANIMALIA,CHORDATA,CHIROPTERA,MAMMALIA,VESPERTILIONIDAE,Nyctalus,noctula,,,,"(Schreber, 1774)",Least Concern,,3.1,Unknown,Global
22016159,14919,Nyctalus leisleri,ANIMALIA,CHORDATA,CHIROPTERA,MAMMALIA,VESPERTILIONIDAE,Nyctalus,leisleri,,,,"(Kuhl, 1817)",Least Concern,,3.1,Unknown,Global
22029285,2553,Barbastella barbastellus,ANIMALIA,CHORDATA,CHIROPTERA,MAMMALIA,VESPERTILIONIDAE,Barbastella,barbastellus,,,,"(Schreber, 1774)",Near Threatened,,3.1,Decreasing,Global
22051191,14129,Myotis emarginatus,ANIMALIA,CHORDATA,CHIROPTERA,MAMMALIA,VESPERTILIONIDAE,Myotis,emarginatus,,,,"(É. Geoffroy, 1806)",Least Concern,,3.1,Stable,Global
22051759,14133,Myotis myotis,ANIMALIA,CHORDATA,CHIROPTERA,MAMMALIA,VESPERTILIONIDAE,Myotis,myotis,,,,"(Borkhausen, 1797)",Least Concern,,3.1,Stable,Global
22052250,14134,Myotis mystacinus,ANIMALIA,CHORDATA,CHIROPTERA,MAMMALIA,VESPERTILIONIDAE,Myotis,mystacinus,,,,"(Kuhl, 1817)",Least Concern,,3.1,Unknown,Global
22053297,14124,Myotis blythii,ANIMALIA,CHORDATA,CHIROPTERA,MAMMALIA,VESPERTILIONIDAE,Myotis,blythii,,,,"(Tomes, 1857)",Least Concern,,3.1,Decreasing,Global
22053752,14123,Myotis bechsteinii,ANIMALIA,CHORDATA,CHIROPTERA,MAMMALIA,VESPERTILIONIDAE,Myotis,bechsteinii,,,,"(Kuhl, 1817)",Near Threatened,,3.1,Decreasing,Global
22054131,14126,Myotis capaccinii,ANIMALIA,CHORDATA,CHIROPTERA,MAMMALIA,VESPERTILIONIDAE,Myotis,capaccinii,,,,"(Bonaparte, 1837)",Vulnerable,A4bce,3.1,Decreasing,Global
22072380,44856,Hypsugo savii,ANIMALIA,CHORDATA,CHIROPTERA,MAMMALIA,VESPERTILIONIDAE,Hypsugo,savii,,,,"Bonaparte, 1837",Least Concern,,3.1,Stable,Global
22114995,21311,Tadarida teniotis,ANIMALIA,CHORDATA,CHIROPTERA,MAMMALIA,MOLOSSIDAE,Tadarida,teniotis,,,,"(Rafinesque, 1814)",Least Concern,,3.1,Unknown,Global
22132621,17316,Pipistrellus nathusii,ANIMALIA,CHORDATA,CHIROPTERA,MAMMALIA,VESPERTILIONIDAE,Pipistrellus,nathusii,,,,"(Keyserling &amp; Blasius, 1839)",Least Concern,,3.1,Unknown,Global
22132946,17314,Pipistrellus kuhlii,ANIMALIA,CHORDATA,CHIROPTERA,MAMMALIA,VESPERTILIONIDAE,Pipistrellus,kuhlii,,,,"(Kuhl, 1817)",Least Concern,,3.1,Unknown,Global
22161386,42395,Capreolus capreolus,ANIMALIA,CHORDATA,CETARTIODACTYLA,MAMMALIA,CERVIDAE,Capreolus,capreolus,,,,"(Linnaeus, 1758)",Least Concern,,3.1,Increasing,Global
22288134,90389138,Suncus etruscus,ANIMALIA,CHORDATA,EULIPOTYPHLA,MAMMALIA,SORICIDAE,Suncus,etruscus,,,,"(Savi, 1822)",Least Concern,,3.1,Unknown,Global
22320754,41481,Talpa europaea,ANIMALIA,CHORDATA,EULIPOTYPHLA,MAMMALIA,TALPIDAE,Talpa,europaea,,,,"Linnaeus, 1758",Least Concern,,3.1,Stable,Global
22351133,13488,Microtus arvalis,ANIMALIA,CHORDATA,RODENTIA,MAMMALIA,CRICETIDAE,Microtus,arvalis,,,,"(Pallas, 1778)",Least Concern,,3.1,Stable,Global
42314931,167859,Equisetum palustre,PLANTAE,TRACHEOPHYTA,EQUISETALES,POLYPODIOPSIDA,EQUISETACEAE,Equisetum,palustre,,,,L.,Least Concern,,3.1,Stable,Global
42319751,163972,Lycopus europaeus,PLANTAE,TRACHEOPHYTA,LAMIALES,MAGNOLIOPSIDA,LAMIACEAE,Lycopus,europaeus,,,,L.,Least Concern,,3.1,Stable,Global
42321925,167915,Caltha palustris,PLANTAE,TRACHEOPHYTA,RANUNCULALES,MAGNOLIOPSIDA,RANUNCULACEAE,Caltha,palustris,,,,L.,Least Concern,,3.1,Stable,Global
42326782,163999,Iris pseudacorus,PLANTAE,TRACHEOPHYTA,ASPARAGALES,LILIOPSIDA,IRIDACEAE,Iris,pseudacorus,,,,L.,Least Concern,,3.1,Stable,Global
42327709,164109,Mentha suaveolens,PLANTAE,TRACHEOPHYTA,LAMIALES,MAGNOLIOPSIDA,LAMIACEAE,Mentha,suaveolens,,,, Ehrh.,Least Concern,,3.1,Stable,Global
42329075,164323,Lythrum salicaria,PLANTAE,TRACHEOPHYTA,MYRTALES,MAGNOLIOPSIDA,LYTHRACEAE,Lythrum,salicaria,,,,L.,Least Concern,,3.1,Stable,Global
42330756,164339,Galium uliginosum,PLANTAE,TRACHEOPHYTA,GENTIANALES,MAGNOLIOPSIDA,RUBIACEAE,Galium,uliginosum,,,,L.,Least Concern,,3.1,Unknown,Global
42334457,164300,Callitriche brutia,PLANTAE,TRACHEOPHYTA,LAMIALES,MAGNOLIOPSIDA,PLANTAGINACEAE,Callitriche,brutia,,,,Petagna,Least Concern,,3.1,Stable,Global
42336259,164371,Callitriche stagnalis,PLANTAE,TRACHEOPHYTA,LAMIALES,MAGNOLIOPSIDA,PLANTAGINACEAE,Callitriche,stagnalis,,,,Scop,Least Concern,,3.1,Stable,Global
42337582,168750,Bidens tripartita,PLANTAE,TRACHEOPHYTA,ASTERALES,MAGNOLIOPSIDA,ASTERACEAE,Bidens,tripartita,,,,L.,Least Concern,,3.1,Stable,Global
42338497,176585,Barbarea vulgaris,PLANTAE,TRACHEOPHYTA,BRASSICALES,MAGNOLIOPSIDA,BRASSICACEAE,Barbarea,vulgaris,,,,R. Br.,Least Concern,,3.1,Stable,Global
42382326,167861,Agrostis canina,PLANTAE,TRACHEOPHYTA,POALES,LILIOPSIDA,POACEAE,Agrostis,canina,,,,L.,Least Concern,,3.1,Stable,Global
42383133,164020,Agrostis stolonifera,PLANTAE,TRACHEOPHYTA,POALES,LILIOPSIDA,POACEAE,Agrostis,stolonifera,,,,L.,Least Concern,,3.1,Stable,Global
42395474,164256,Mentha pulegium,PLANTAE,TRACHEOPHYTA,LAMIALES,MAGNOLIOPSIDA,LAMIACEAE,Mentha,pulegium,,,,L.,Least Concern,,3.1,Stable,Global
42399385,164421,Parnassia palustris,PLANTAE,TRACHEOPHYTA,CELASTRALES,MAGNOLIOPSIDA,CELASTRACEAE,Parnassia,palustris,,,,L.,Least Concern,,3.1,Decreasing,Global
42408104,164265,Ranunculus peltatus,PLANTAE,TRACHEOPHYTA,RANUNCULALES,MAGNOLIOPSIDA,RANUNCULACEAE,Ranunculus,peltatus,,,,Schrank,Least Concern,,3.1,Stable,Global
42408831,203433,Filipendula ulmaria,PLANTAE,TRACHEOPHYTA,ROSALES,MAGNOLIOPSIDA,ROSACEAE,Filipendula,ulmaria,,,,(L.) Maxim.,Least Concern,,3.1,Stable,Global
42428801,155495,Dreissena polymorpha,ANIMALIA,MOLLUSCA,VENERIDA,BIVALVIA,DREISSENIDAE,Dreissena,polymorpha,,,,"(Pallas, 1771)",Least Concern,,3.1,Increasing,Global
42429613,155568,Radix auricularia,ANIMALIA,MOLLUSCA,HYGROPHILA,GASTROPODA,LYMNAEIDAE,Radix,auricularia,,,,"(Linnaeus, 1758)",Least Concern,,3.1,Stable,Global
42430553,155647,Ampullaceana balthica,ANIMALIA,MOLLUSCA,HYGROPHILA,GASTROPODA,LYMNAEIDAE,Ampullaceana,balthica,,,,"(Linnaeus, 1758)",Least Concern,,3.1,Stable,Global
42437324,155818,Gyraulus albus,ANIMALIA,MOLLUSCA,HYGROPHILA,GASTROPODA,PLANORBIDAE,Gyraulus,albus,,,,"(O.F. Müller, 1774)",Least Concern,,3.1,Stable,Global
43066886,19198794,Andrena afrensis,ANIMALIA,ARTHROPODA,HYMENOPTERA,INSECTA,ANDRENIDAE,Andrena,afrensis,,,,"Warncke, 1967",Data Deficient,,3.1,Unknown,Global & Europe
43066930,19199512,Andrena anthrisci,ANIMALIA,ARTHROPODA,HYMENOPTERA,INSECTA,ANDRENIDAE,Andrena,anthrisci,,,,"Blüthgen, 1925",Least Concern,,3.1,Unknown,Global & Europe
43126944,167821,Sagittaria sagittifolia,PLANTAE,TRACHEOPHYTA,ALISMATALES,LILIOPSIDA,ALISMATACEAE,Sagittaria,sagittifolia,,,,L.,Least Concern,,3.1,Unknown,Global
44141833,41775,Sus scrofa,ANIMALIA,CHORDATA,CETARTIODACTYLA,MAMMALIA,SUIDAE,Sus,scrofa,,,,"Linnaeus, 1758",Least Concern,,3.1,Unknown,Global
44481340,44392196,Carex macrostyla,PLANTAE,TRACHEOPHYTA,POALES,LILIOPSIDA,CYPERACEAE,Carex,macrostyla,,,,Lapeyr.,Least Concern,,3.1,Unknown,Global
44798476,44793247,Mantis religiosa,ANIMALIA,ARTHROPODA,MANTODEA,INSECTA,MANTIDAE,Mantis,religiosa,,,,"(Linne, 1758)",Least Concern,,3.1,Unknown,Global
45203335,29674,Mustela erminea,ANIMALIA,CHORDATA,CARNIVORA,MAMMALIA,MUSTELIDAE,Mustela,erminea,,,,"Linnaeus, 1758",Least Concern,,3.1,Stable,Global
45214384,41658,Mustela putorius,ANIMALIA,CHORDATA,CARNIVORA,MAMMALIA,MUSTELIDAE,Mustela,putorius,,,,"Linnaeus, 1758",Least Concern,,3.1,Decreasing,Global
45218636,41698,Genetta genetta,ANIMALIA,CHORDATA,CARNIVORA,MAMMALIA,VIVERRIDAE,Genetta,genetta,,,,"(Linnaeus, 1758)",Least Concern,,3.1,Stable,Global
46176937,16084483,Chorthippus brunneus,ANIMALIA,ARTHROPODA,ORTHOPTERA,INSECTA,ACRIDIDAE,Chorthippus,brunneus,,,,"(Thunberg, 1815)",Least Concern,,3.1,Unknown,Global
46440141,13152926,Bombus bohemicus,ANIMALIA,ARTHROPODA,HYMENOPTERA,INSECTA,APIDAE,Bombus,bohemicus,,,,"Seidl, 1838",Data Deficient,,3.1,Decreasing,Global
46440156,13340361,Bombus flavidus,ANIMALIA,ARTHROPODA,HYMENOPTERA,INSECTA,APIDAE,Bombus,flavidus,,,,"Eversmann, 1852",Data Deficient,,3.1,Stable,Global
48416825,172121,Prunus mahaleb,PLANTAE,TRACHEOPHYTA,ROSALES,MAGNOLIOPSIDA,ROSACEAE,Prunus,mahaleb,,,,L.,Least Concern,,3.1,Unknown,Global
49644624,157288,Lacerta agilis,ANIMALIA,CHORDATA,SQUAMATA,REPTILIA,LACERTIDAE,Lacerta,agilis,,,,"Linnaeus, 1758",Least Concern,,3.1,Stable,Global
50673544,172064,Prunus avium,PLANTAE,TRACHEOPHYTA,ROSALES,MAGNOLIOPSIDA,ROSACEAE,Prunus,avium,,,,(L.) L.,Least Concern,,3.1,Stable,Global
53798707,19108751,Silene vulgaris,PLANTAE,TRACHEOPHYTA,CARYOPHYLLALES,MAGNOLIOPSIDA,CARYOPHYLLACEAE,Silene,vulgaris,,,,(Moench) Garcke,Least Concern,,3.1,Stable,Global
55730098,55730086,Pulsatilla vernalis,PLANTAE,TRACHEOPHYTA,RANUNCULALES,MAGNOLIOPSIDA,RANUNCULACEAE,Pulsatilla,vernalis,,,,(L.) Mill.,Least Concern,,3.1,Decreasing,Global & Europe
57117867,165155,Aconitum napellus,PLANTAE,TRACHEOPHYTA,RANUNCULALES,MAGNOLIOPSIDA,RANUNCULACEAE,Aconitum,napellus,,,,(Nyár.) W.Seitz,Least Concern,,3.1,Increasing,Global & Europe
57365069,13341899,Bombus magnus,ANIMALIA,ARTHROPODA,HYMENOPTERA,INSECTA,APIDAE,Bombus,magnus,,,,"Vogt, 1911",Least Concern,,3.1,Unknown,Global & Europe
57365333,13342099,Bombus mendax,ANIMALIA,ARTHROPODA,HYMENOPTERA,INSECTA,APIDAE,Bombus,mendax,,,,"Gerstäcker, 1869",Near Threatened,,3.1,Decreasing,Global & Europe
57366532,13342522,Bombus mucidus,ANIMALIA,ARTHROPODA,HYMENOPTERA,INSECTA,APIDAE,Bombus,mucidus,,,,"Gerstäcker, 1869",Near Threatened,,3.1,Decreasing,Global & Europe
57368909,18528992,Bombus pyrenaeus,ANIMALIA,ARTHROPODA,HYMENOPTERA,INSECTA,APIDAE,Bombus,pyrenaeus,,,,"Pérez, 1879",Least Concern,,3.1,Stable,Global & Europe
61616618,172090,Prunus padus,PLANTAE,TRACHEOPHYTA,ROSALES,MAGNOLIOPSIDA,ROSACEAE,Prunus,padus,,,,L.,Least Concern,,3.1,Stable,Global
61959943,61959941,Populus tremula,PLANTAE,TRACHEOPHYTA,MALPIGHIALES,MAGNOLIOPSIDA,SALICACEAE,Populus,tremula,,,,L.,Least Concern,,3.1,Unknown,Global
61960301,61960299,Salix eleagnos,PLANTAE,TRACHEOPHYTA,MALPIGHIALES,MAGNOLIOPSIDA,SALICACEAE,Salix,eleagnos,,,,Scop.,Least Concern,,3.1,Stable,Global
61960635,61960615,Salix triandra,PLANTAE,TRACHEOPHYTA,MALPIGHIALES,MAGNOLIOPSIDA,SALICACEAE,Salix,triandra,,,,L.,Least Concern,,3.1,Stable,Global
61960676,61960656,Salix viminalis,PLANTAE,TRACHEOPHYTA,MALPIGHIALES,MAGNOLIOPSIDA,SALICACEAE,Salix,viminalis,,,,L.,Least Concern,,3.1,Unknown,Global
61966819,61966807,Ulmus glabra,PLANTAE,TRACHEOPHYTA,ROSALES,MAGNOLIOPSIDA,ULMACEAE,Ulmus,glabra,,,,Huds.,Data Deficient,,3.1,Unknown,Global
63304147,164509,Mentha aquatica,PLANTAE,TRACHEOPHYTA,LAMIALES,MAGNOLIOPSIDA,LAMIACEAE,Mentha,aquatica,,,,L.,Least Concern,,3.1,Stable,Global
63309730,164182,Ranunculus aquatilis,PLANTAE,TRACHEOPHYTA,RANUNCULALES,MAGNOLIOPSIDA,RANUNCULACEAE,Ranunculus,aquatilis,,,,L.,Least Concern,,3.1,Stable,Global
65834549,165516,Lestes dryas,ANIMALIA,ARTHROPODA,ODONATA,INSECTA,LESTIDAE,Lestes,dryas,,,,"Kirby, 1890",Least Concern,,3.1,Stable,Global
65835376,165518,Aeshna juncea,ANIMALIA,ARTHROPODA,ODONATA,INSECTA,AESHNIDAE,Aeshna,juncea,,,,"(Linnaeus, 1758)",Least Concern,,3.1,Stable,Global
67728960,64272624,Carex oederi,PLANTAE,TRACHEOPHYTA,POALES,LILIOPSIDA,CYPERACEAE,Carex,oederi,,,,Retz.,Least Concern,,3.1,Unknown,Global
67729601,64314072,Geum rivale,PLANTAE,TRACHEOPHYTA,ROSALES,MAGNOLIOPSIDA,ROSACEAE,Geum,rivale,,,,L.,Least Concern,,3.1,Unknown,Global
67729912,64315811,Juncus triglumis,PLANTAE,TRACHEOPHYTA,POALES,LILIOPSIDA,JUNCACEAE,Juncus,triglumis,,,,L.,Least Concern,,3.1,Unknown,Global
67730442,64321343,Poa palustris,PLANTAE,TRACHEOPHYTA,POALES,LILIOPSIDA,POACEAE,Poa,palustris,,,,L.,Least Concern,,3.1,Unknown,Global
67731242,64326289,Viola palustris,PLANTAE,TRACHEOPHYTA,MALPIGHIALES,MAGNOLIOPSIDA,VIOLACEAE,Viola,palustris,,,,L.,Least Concern,,3.1,Unknown,Global
68067360,202963,Ilex aquifolium,PLANTAE,TRACHEOPHYTA,AQUIFOLIALES,MAGNOLIOPSIDA,AQUIFOLIACEAE,Ilex,aquifolium,,,,L.,Least Concern,,3.1,Stable,Global
68067753,202944,Buxus sempervirens,PLANTAE,TRACHEOPHYTA,BUXALES,MAGNOLIOPSIDA,BUXACEAE,Buxus,sempervirens,,,,L.,Least Concern,,3.1,Stable,Global
68083007,203426,Crataegus monogyna,PLANTAE,TRACHEOPHYTA,ROSALES,MAGNOLIOPSIDA,ROSACEAE,Crataegus,monogyna,,,,Jacq.,Least Concern,,3.1,Unknown,Global
68106816,63530,Populus nigra,PLANTAE,TRACHEOPHYTA,MALPIGHIALES,MAGNOLIOPSIDA,SALICACEAE,Populus,nigra,,,,L.,Data Deficient,,3.1,Unknown,Global
68106850,203464,Populus alba,PLANTAE,TRACHEOPHYTA,MALPIGHIALES,MAGNOLIOPSIDA,SALICACEAE,Populus,alba,,,,L.,Least Concern,,3.1,Decreasing,Global
68107793,203471,Salix purpurea,PLANTAE,TRACHEOPHYTA,MALPIGHIALES,MAGNOLIOPSIDA,SALICACEAE,Salix,purpurea,,,,L.,Least Concern,,3.1,Stable,Global
69638237,69638225,Chorthippus saulcyi,ANIMALIA,ARTHROPODA,ORTHOPTERA,INSECTA,ACRIDIDAE,Chorthippus,saulcyi,,,,"(Krauss, 1888)",Least Concern,,3.1,Unknown,Global & Europe
70647833,68285500,Cophopodisma pyrenaea,ANIMALIA,ARTHROPODA,ORTHOPTERA,INSECTA,ACRIDIDAE,Cophopodisma,pyrenaea,,,,"(Fischer, 1853)",Near Threatened,,3.1,Decreasing,Global & Europe
70647884,16084607,Euchorthippus elegantulus,ANIMALIA,ARTHROPODA,ORTHOPTERA,INSECTA,ACRIDIDAE,Euchorthippus,elegantulus,,,,"Zeuner, 1940",Least Concern,,3.1,Unknown,Global & Europe
70647939,16084431,Gomphoceridius brevipennis,ANIMALIA,ARTHROPODA,ORTHOPTERA,INSECTA,ACRIDIDAE,Gomphoceridius,brevipennis,,,,"(Brisout de Barneville, 1858)",Vulnerable,"B1ab(iii,v)",3.1,Decreasing,Global & Europe
70648547,64547190,Antaxius chopardi,ANIMALIA,ARTHROPODA,ORTHOPTERA,INSECTA,TETTIGONIIDAE,Antaxius,chopardi,,,,"Morales-Agacino, 1936",Least Concern,,3.1,Unknown,Global & Europe
70649046,64547283,Antaxius hispanicus,ANIMALIA,ARTHROPODA,ORTHOPTERA,INSECTA,TETTIGONIIDAE,Antaxius,hispanicus,,,,"Bolívar, 1884",Least Concern,,3.1,Decreasing,Global & Europe
70649652,68427867,Metrioptera saussuriana,ANIMALIA,ARTHROPODA,ORTHOPTERA,INSECTA,TETTIGONIIDAE,Metrioptera,saussuriana,,,,"(Burr, 1911)",Least Concern,,3.1,Unknown,Global & Europe
72310087,59811,Anax ephippiger,ANIMALIA,ARTHROPODA,ODONATA,INSECTA,AESHNIDAE,Anax,ephippiger,,,,"(Burmeister, 1839)",Least Concern,,3.1,Unknown,Global
74495353,15039587,Miramella alpina,ANIMALIA,ARTHROPODA,ORTHOPTERA,INSECTA,ACRIDIDAE,Miramella,alpina,,,,"(Kollar, 1833)",Least Concern,,3.1,Stable,Global & Europe
74520487,68463350,Pteronemobius lineolatus,ANIMALIA,ARTHROPODA,ORTHOPTERA,INSECTA,TRIGONIDIIDAE,Pteronemobius,lineolatus,,,,"(Brullé, 1835)",Least Concern,,3.1,Decreasing,Global & Europe
74525163,64549568,Barbitistes serricauda,ANIMALIA,ARTHROPODA,ORTHOPTERA,INSECTA,TETTIGONIIDAE,Barbitistes,serricauda,,,,"(Fabricius, 1794)",Least Concern,,3.1,Unknown,Global & Europe
74526293,44709622,Leptophyes punctatissima,ANIMALIA,ARTHROPODA,ORTHOPTERA,INSECTA,TETTIGONIIDAE,Leptophyes,punctatissima,,,,"(Bosc, 1792)",Least Concern,,3.1,Increasing,Global & Europe
74529545,44712223,Polysarcus scutatus,ANIMALIA,ARTHROPODA,ORTHOPTERA,INSECTA,TETTIGONIIDAE,Polysarcus,scutatus,,,,"(Brunner von Wattenwyl, 1882)",Endangered,B2ac(iv),3.1,Unknown,Global & Europe
74531235,68469441,Tetrix undulata,ANIMALIA,ARTHROPODA,ORTHOPTERA,INSECTA,TETRIGIDAE,Tetrix,undulata,,,,"(Sowerby, 1806)",Least Concern,,3.1,Unknown,Global & Europe
74540428,68427417,Meconema thalassinum,ANIMALIA,ARTHROPODA,ORTHOPTERA,INSECTA,TETTIGONIIDAE,Meconema,thalassinum,,,,"(De Geer, 1773)",Least Concern,,3.1,Decreasing,Global & Europe
75085408,165505,Calopteryx virgo,ANIMALIA,ARTHROPODA,ODONATA,INSECTA,CALOPTERYGIDAE,Calopteryx,virgo,,,,"(Linnaeus, 1758)",Least Concern,,3.1,Stable,Global
75088589,16084591,Oedipoda coerulea,ANIMALIA,ARTHROPODA,ORTHOPTERA,INSECTA,ACRIDIDAE,Oedipoda,coerulea,,,,"Saussure, 1884",Least Concern,,3.1,Unknown,Global & Europe
75336618,68399552,Isophya pyrenaea,ANIMALIA,ARTHROPODA,ORTHOPTERA,INSECTA,TETTIGONIIDAE,Isophya,pyrenaea,,,,"(Serville, 1838)",Least Concern,,3.1,Unknown,Global & Europe
75338615,68286205,Ctenodecticus masferreri,ANIMALIA,ARTHROPODA,ORTHOPTERA,INSECTA,TETTIGONIIDAE,Ctenodecticus,masferreri,,,,"Bolívar, 1894",Near Threatened,,3.1,Unknown,Global & Europe
78457042,164212,Epilobium angustifolium,PLANTAE,TRACHEOPHYTA,MYRTALES,MAGNOLIOPSIDA,ONAGRACEAE,Epilobium,angustifolium,,,,L.,Least Concern,,3.1,Unknown,Global
78457112,175931,Neottia cordata,PLANTAE,TRACHEOPHYTA,ASPARAGALES,LILIOPSIDA,ORCHIDACEAE,Neottia,cordata,,,,(L.) Rich.,Least Concern,,3.1,Unknown,Global
78457132,176440,Poa pratensis,PLANTAE,TRACHEOPHYTA,POALES,LILIOPSIDA,POACEAE,Poa,pratensis,,,,L.,Least Concern,,3.1,Unknown,Global
78457142,164496,Potamogeton polygonifolius,PLANTAE,TRACHEOPHYTA,ALISMATALES,LILIOPSIDA,POTAMOGETONACEAE,Potamogeton,polygonifolius,,,,Pourr.,Least Concern,,3.1,Unknown,Global
78457152,203256,Prunella vulgaris,PLANTAE,TRACHEOPHYTA,LAMIALES,MAGNOLIOPSIDA,LAMIACEAE,Prunella,vulgaris,,,,L.,Least Concern,,3.1,Unknown,Global
78457212,167815,Urtica dioica,PLANTAE,TRACHEOPHYTA,ROSALES,MAGNOLIOPSIDA,URTICACEAE,Urtica,dioica,,,,L.,Least Concern,,3.1,Unknown,Global
79323745,59467,Salamandra salamandra,ANIMALIA,CHORDATA,CAUDATA,AMPHIBIA,SALAMANDRIDAE,Salamandra,salamandra,,,,"(Linnaeus, 1758)",Least Concern,,3.1,Decreasing,Global & Europe
83472050,83471677,Asplenium fontanum,PLANTAE,TRACHEOPHYTA,POLYPODIALES,POLYPODIOPSIDA,ASPLENIACEAE,Asplenium,fontanum,,,,(L.) Bernh.,Least Concern,,3.1,Stable,Global & Europe
83513021,83512950,Isoetes creussensis,PLANTAE,TRACHEOPHYTA,ISOETALES,LYCOPODIOPSIDA,ISOETACEAE,Isoetes,creussensis,,,,Lazare &amp; S.Riba,Least Concern,,3.1,Unknown,Global & Europe
83884411,158685,Sympetrum striolatum,ANIMALIA,ARTHROPODA,ODONATA,INSECTA,LIBELLULIDAE,Sympetrum,striolatum,,,,"(Charpentier, 1840)",Least Concern,,3.1,Unknown,Global
83886221,158707,Coenagrion puella,ANIMALIA,ARTHROPODA,ODONATA,INSECTA,COENAGRIONIDAE,Coenagrion,puella,,,,"(Linnaeus, 1758)",Least Concern,,3.1,Unknown,Global
83891998,165524,Aeshna cyanea,ANIMALIA,ARTHROPODA,ODONATA,INSECTA,AESHNIDAE,Aeshna,cyanea,,,,"(Müller, 1764)",Least Concern,,3.1,Increasing,Global
83978869,42270,Abies alba,PLANTAE,TRACHEOPHYTA,PINALES,PINOPSIDA,PINACEAE,Abies,alba,,,,Mill.,Least Concern,,3.1,Stable,Global & Europe
84275593,164129,Alisma plantago-aquatica,PLANTAE,TRACHEOPHYTA,ALISMATALES,LILIOPSIDA,ALISMATACEAE,Alisma,plantago-aquatica,,,,L.      ,Least Concern,,3.1,Stable,Global
84278776,163995,Ceratophyllum muricatum,PLANTAE,TRACHEOPHYTA,CERATOPHYLLALES,MAGNOLIOPSIDA,CERATOPHYLLACEAE,Ceratophyllum,muricatum,,,,Cham.      ,Least Concern,,3.1,Unknown,Global
84289063,164103,Lemna gibba,PLANTAE,TRACHEOPHYTA,ALISMATALES,LILIOPSIDA,ARACEAE,Lemna,gibba,,,,L.,Least Concern,,3.1,Stable,Global
85450442,83644565,Woodsia pulchella,PLANTAE,TRACHEOPHYTA,POLYPODIALES,POLYPODIOPSIDA,WOODSIACEAE,Woodsia,pulchella,,,,Bertol.,Near Threatened,B2a,3.1,Unknown,Global & Europe
85576311,170641,Deroceras altimirai,ANIMALIA,MOLLUSCA,STYLOMMATOPHORA,GASTROPODA,AGRIOLIMACIDAE,Deroceras,altimirai,,,,"van Regteren Altena, 1969",Least Concern,,3.1,Unknown,Global & Europe
85576451,170677,Deroceras levisarcobelum,ANIMALIA,MOLLUSCA,STYLOMMATOPHORA,GASTROPODA,AGRIOLIMACIDAE,Deroceras,levisarcobelum,,,,"de Winter, 1986",Least Concern,,3.1,Unknown,Global & Europe
85577040,170900,Limax maximus,ANIMALIA,MOLLUSCA,STYLOMMATOPHORA,GASTROPODA,LIMACIDAE,Limax,maximus,,,,"Linnaeus, 1758",Least Concern,,3.1,Stable,Global & Europe
85578820,171379,Clausilia dubia,ANIMALIA,MOLLUSCA,STYLOMMATOPHORA,GASTROPODA,CLAUSILIIDAE,Clausilia,dubia,,,,"Draparnaud, 1805",Least Concern,,3.1,Stable,Global & Europe
85580914,85541868,Arion vulgaris,ANIMALIA,MOLLUSCA,STYLOMMATOPHORA,GASTROPODA,ARIONIDAE,Arion,vulgaris,,,,"Moquin-Tandon, 1855",Least Concern,,3.1,Stable,Global & Europe
85693575,155730,Galba truncatula,ANIMALIA,MOLLUSCA,HYGROPHILA,GASTROPODA,LYMNAEIDAE,Galba,truncatula,,,,"(Müller, 1774)",Least Concern,,3.1,Unknown,Global
85733299,85733126,Myotis escalerai,ANIMALIA,CHORDATA,CHIROPTERA,MAMMALIA,VESPERTILIONIDAE,Myotis,escalerai,,,,"Cabrera, 1904",Least Concern,,3.1,Unknown,Global
85926819,45100023,Phasianus colchicus,ANIMALIA,CHORDATA,GALLIFORMES,AVES,PHASIANIDAE,Phasianus,colchicus,,,,"(Linnaeus, 1758)",Least Concern,,3.1,Decreasing,Global
85929015,22678911,Perdix perdix,ANIMALIA,CHORDATA,GALLIFORMES,AVES,PHASIANIDAE,Perdix,perdix,,,,"(Linnaeus, 1758)",Least Concern,,3.1,Decreasing,Global
85942729,22679487,Tetrao urogallus,ANIMALIA,CHORDATA,GALLIFORMES,AVES,PHASIANIDAE,Tetrao,urogallus,,,,"Linnaeus, 1758",Least Concern,,3.1,Decreasing,Global
85972893,171024,Arion anthracius,ANIMALIA,MOLLUSCA,STYLOMMATOPHORA,GASTROPODA,ARIONIDAE,Arion,anthracius,,,,"Bourguignat, 1866",Least Concern,,3.1,Unknown,Global & Europe
86074207,22690088,Columba oenas,ANIMALIA,CHORDATA,COLUMBIFORMES,AVES,COLUMBIDAE,Columba,oenas,,,,"Linnaeus, 1758",Least Concern,,3.1,Increasing,Global
86103675,22689887,Caprimulgus europaeus,ANIMALIA,CHORDATA,CAPRIMULGIFORMES,AVES,CAPRIMULGIDAE,Caprimulgus,europaeus,,,,"Linnaeus, 1758",Least Concern,,3.1,Decreasing,Global
86109107,22686774,Tachymarptis melba,ANIMALIA,CHORDATA,CAPRIMULGIFORMES,AVES,APODIDAE,Tachymarptis,melba,,,,"(Linnaeus, 1758)",Least Concern,,3.1,Stable,Global
86111691,22686800,Apus apus,ANIMALIA,CHORDATA,CAPRIMULGIFORMES,AVES,APODIDAE,Apus,apus,,,,"(Linnaeus, 1758)",Least Concern,,3.1,Stable,Global
86136226,83771018,Lonicera alpigena,PLANTAE,TRACHEOPHYTA,DIPSACALES,MAGNOLIOPSIDA,CAPRIFOLIACEAE,Lonicera,alpigena,,,,L.,Least Concern,,3.1,Unknown,Global & Europe
86136241,83771372,Lonicera nigra,PLANTAE,TRACHEOPHYTA,DIPSACALES,MAGNOLIOPSIDA,CAPRIFOLIACEAE,Lonicera,nigra,,,,L.,Least Concern,,3.1,Stable,Global & Europe
86136391,83826225,Salix foetida,PLANTAE,TRACHEOPHYTA,MALPIGHIALES,MAGNOLIOPSIDA,SALICACEAE,Salix,foetida,,,,Schleich.,Least Concern,,3.1,Unknown,Global & Europe
86246670,61449,Hierophis viridiflavus,ANIMALIA,CHORDATA,SQUAMATA,REPTILIA,COLUBRIDAE,Hierophis,viridiflavus,,,,"(Lacépède, 1789)",Least Concern,,3.1,Stable,Global & Europe
86574443,22693906,Eudromias morinellus,ANIMALIA,CHORDATA,CHARADRIIFORMES,AVES,CHARADRIIDAE,Eudromias,morinellus,,,,"(Linnaeus, 1758)",Least Concern,,3.1,Decreasing,Global
86678952,22693264,Actitis hypoleucos,ANIMALIA,CHORDATA,CHARADRIIFORMES,AVES,SCOLOPACIDAE,Actitis,hypoleucos,,,,"Linnaeus, 1758",Least Concern,,3.1,Decreasing,Global
86871093,22725469,Strix aluco,ANIMALIA,CHORDATA,STRIGIFORMES,AVES,STRIGIDAE,Strix,aluco,,,,"Linnaeus, 1758",Least Concern,,3.1,Stable,Global
87301348,22681382,Dryocopus martius,ANIMALIA,CHORDATA,PICIFORMES,AVES,PICIDAE,Dryocopus,martius,,,,"(Linnaeus, 1758)",Least Concern,,3.1,Increasing,Global
87323054,22681124,Dendrocopos major,ANIMALIA,CHORDATA,PICIFORMES,AVES,PICIDAE,Dendrocopos,major,,,,"(Linnaeus, 1758)",Least Concern,,3.1,Increasing,Global
87384853,22705916,Pyrrhocorax pyrrhocorax,ANIMALIA,CHORDATA,PASSERIFORMES,AVES,CORVIDAE,Pyrrhocorax,pyrrhocorax,,,,"(Linnaeus, 1758)",Least Concern,,3.1,Decreasing,Global
87386602,22705921,Pyrrhocorax graculus,ANIMALIA,CHORDATA,PASSERIFORMES,AVES,CORVIDAE,Pyrrhocorax,graculus,,,,"(Linnaeus, 1766)",Least Concern,,3.1,Stable,Global
87427182,22711810,Lophophanes cristatus,ANIMALIA,CHORDATA,PASSERIFORMES,AVES,PARIDAE,Lophophanes,cristatus,,,,"(Linnaeus, 1758)",Least Concern,,3.1,Decreasing,Global
87431138,22735990,Parus major,ANIMALIA,CHORDATA,PASSERIFORMES,AVES,PARIDAE,Parus,major,,,,"Linnaeus, 1758",Least Concern,,3.1,Increasing,Global
87471081,103871923,Aegithalos caudatus,ANIMALIA,CHORDATA,PASSERIFORMES,AVES,AEGITHALIDAE,Aegithalos,caudatus,,,,"(Linnaeus, 1758)",Least Concern,,3.1,Stable,Global
87636348,22715240,Phylloscopus trochilus,ANIMALIA,CHORDATA,PASSERIFORMES,AVES,PHYLLOSCOPIDAE,Phylloscopus,trochilus,,,,"(Linnaeus, 1758)",Least Concern,,3.1,Decreasing,Global
87665883,22715255,Phylloscopus bonelli,ANIMALIA,CHORDATA,PASSERIFORMES,AVES,PHYLLOSCOPIDAE,Phylloscopus,bonelli,,,,"(Vieillot, 1819)",Least Concern,,3.1,Stable,Global
87668662,22715260,Phylloscopus sibilatrix,ANIMALIA,CHORDATA,PASSERIFORMES,AVES,PHYLLOSCOPIDAE,Phylloscopus,sibilatrix,,,,"(Bechstein, 1793)",Least Concern,,3.1,Decreasing,Global
87681382,22716901,Sylvia atricapilla,ANIMALIA,CHORDATA,PASSERIFORMES,AVES,SYLVIIDAE,Sylvia,atricapilla,,,,"(Linnaeus, 1758)",Least Concern,,3.1,Increasing,Global
87732467,83659796,Andreaea frigida,PLANTAE,BRYOPHYTA,ANDREAEALES,ANDREAEOPSIDA,ANDREAEACEAE,Andreaea,frigida,,,,Huebener,Vulnerable,C1,3.1,Decreasing,Global & Europe
87781502,22735002,Regulus ignicapilla,ANIMALIA,CHORDATA,PASSERIFORMES,AVES,REGULIDAE,Regulus,ignicapilla,,,,"(Temminck, 1820)",Least Concern,,3.1,Stable,Global
87795399,85842023,Grimmia arenaria,PLANTAE,BRYOPHYTA,GRIMMIALES,BRYOPSIDA,GRIMMIACEAE,Grimmia,arenaria,,,,Hampe,Data Deficient,,3.1,Unknown,Global & Europe
87822504,87522307,Plagiochila spinulosa,PLANTAE,MARCHANTIOPHYTA,JUNGERMANNIALES,JUNGERMANNIOPSIDA,PLAGIOCHILACEAE,Plagiochila,spinulosa,,,,(Dicks.) Dumort.,Least Concern,,3.1,Stable,Global & Europe
87824392,84374648,Ptychomitrium polyphyllum,PLANTAE,BRYOPHYTA,GRIMMIALES,BRYOPSIDA,PTYCHOMITRIACEAE,Ptychomitrium,polyphyllum,,,,(Dicks. ex Sw.) Bruch &amp; Schimp.,Least Concern,,3.1,Stable,Global & Europe
87832177,83659776,Andreaea alpestris,PLANTAE,BRYOPHYTA,ANDREAEALES,ANDREAEOPSIDA,ANDREAEACEAE,Andreaea,alpestris,,,,(Thed.) Schimp.,Data Deficient,,3.1,Unknown,Global & Europe
87839163,22711249,Certhia brachydactyla,ANIMALIA,CHORDATA,PASSERIFORMES,AVES,CERTHIIDAE,Certhia,brachydactyla,,,,"Brehm, 1820",Least Concern,,3.1,Increasing,Global
87871094,103888106,Turdus merula,ANIMALIA,CHORDATA,PASSERIFORMES,AVES,TURDIDAE,Turdus,merula,,,,"Linnaeus, 1758",Least Concern,,3.1,Increasing,Global
87878799,22708829,Turdus viscivorus,ANIMALIA,CHORDATA,PASSERIFORMES,AVES,TURDIDAE,Turdus,viscivorus,,,,"Linnaeus, 1758",Least Concern,,3.1,Decreasing,Global
87906903,22710156,Saxicola rubetra,ANIMALIA,CHORDATA,PASSERIFORMES,AVES,MUSCICAPIDAE,Saxicola,rubetra,,,,"(Linnaeus, 1758)",Least Concern,,3.1,Decreasing,Global
87933903,22708286,Monticola solitarius,ANIMALIA,CHORDATA,PASSERIFORMES,AVES,MUSCICAPIDAE,Monticola,solitarius,,,,"(Linnaeus, 1758)",Least Concern,,3.1,Stable,Global
88032500,22718307,Petronia petronia,ANIMALIA,CHORDATA,PASSERIFORMES,AVES,PASSERIDAE,Petronia,petronia,,,,"(Linnaeus, 1766)",Least Concern,,3.1,Increasing,Global
88039291,22718617,Prunella collaris,ANIMALIA,CHORDATA,PASSERIFORMES,AVES,PRUNELLIDAE,Prunella,collaris,,,,"(Scopoli, 1769)",Least Concern,,3.1,Stable,Global
88247085,88247081,Calamagrostis varia,PLANTAE,TRACHEOPHYTA,POALES,LILIOPSIDA,POACEAE,Calamagrostis,varia,,,,(Schrad.) Host,Least Concern,,3.1,Unknown,Global
89289181,22720878,Emberiza citrinella,ANIMALIA,CHORDATA,PASSERIFORMES,AVES,EMBERIZIDAE,Emberiza,citrinella,,,,"Linnaeus, 1758",Least Concern,,3.1,Decreasing,Global
89575948,22683027,Alcedo atthis,ANIMALIA,CHORDATA,CORACIIFORMES,AVES,ALCEDINIDAE,Alcedo,atthis,,,,"(Linnaeus, 1758)",Least Concern,,3.1,Unknown,Global
89705642,173101508,Rana temporaria,ANIMALIA,CHORDATA,ANURA,AMPHIBIA,RANIDAE,Rana,temporaria,,,,"Linnaeus, 1758",Least Concern,,3.1,Stable,Global
89707795,59448,Calotriton asper,ANIMALIA,CHORDATA,CAUDATA,AMPHIBIA,SALAMANDRIDAE,Calotriton,asper,,,,"(Dugès, 1852)",Least Concern,,3.1,Decreasing,Global & Europe
91354457,155538,Physella acuta,ANIMALIA,MOLLUSCA,HYGROPHILA,GASTROPODA,PHYSIDAE,Physella,acuta,,,,"Draparnaud, 1805",Least Concern,,3.1,Increasing,Global
96420286,96419923,Anogcodes fulvicollis,ANIMALIA,ARTHROPODA,COLEOPTERA,INSECTA,OEDEMERIDAE,Anogcodes,fulvicollis,,,,"(Scopoli, 1763)",Least Concern,,3.1,Stable,Global & Europe
97789324,2561,Barbus barbus,ANIMALIA,CHORDATA,CYPRINIFORMES,ACTINOPTERYGII,CYPRINIDAE,Barbus,barbus,,,,"(Linnaeus, 1758)",Least Concern,,3.1,Unknown,Global & Europe
97806694,11213,Lampetra planeri,ANIMALIA,CHORDATA,PETROMYZONTIFORMES,CEPHALASPIDOMORPHI,PETROMYZONTIDAE,Lampetra,planeri,,,,"(Bloch, 1784)",Least Concern,,3.1,Unknown,Global & Europe
99965052,16348983,Juniperus phoenicea,PLANTAE,TRACHEOPHYTA,PINALES,PINOPSIDA,CUPRESSACEAE,Juniperus,phoenicea,,,,L.,Least Concern,,3.1,Stable,Global & Europe
101508160,101508153,Cytisus oromediterraneus,PLANTAE,TRACHEOPHYTA,FABALES,MAGNOLIOPSIDA,FABACEAE,Cytisus,oromediterraneus,,,,"Rivas Mart., T.E.Díaz , Fern.Prieto, Loidi &amp; Penas",Least Concern,,3.1,Stable,Global & Europe
109192791,68378608,Eumodicogryllus bordigalensis,ANIMALIA,ARTHROPODA,ORTHOPTERA,INSECTA,GRYLLIDAE,Eumodicogryllus,bordigalensis,,,,"(Latreille, 1804)",Least Concern,,3.1,Increasing,Global
109616921,73094040,Erica arborea,PLANTAE,TRACHEOPHYTA,ERICALES,MAGNOLIOPSIDA,ERICACEAE,Erica,arborea,,,,L.,Least Concern,,3.1,Stable,Global
110042215,22714696,Acrocephalus paludicola,ANIMALIA,CHORDATA,PASSERIFORMES,AVES,ACROCEPHALIDAE,Acrocephalus,paludicola,,,,"(Vieillot, 1817)",Vulnerable,A2c,3.1,Decreasing,Global
110988087,22705001,Lanius collurio,ANIMALIA,CHORDATA,PASSERIFORMES,AVES,LANIIDAE,Lanius,collurio,,,,"Linnaeus, 1758",Least Concern,,3.1,Decreasing,Global
111124877,22720062,Carduelis citrinella,ANIMALIA,CHORDATA,PASSERIFORMES,AVES,FRINGILLIDAE,Carduelis,citrinella,,,,"(Pallas, 1764)",Least Concern,,3.1,Decreasing,Global
111126041,22720354,Spinus spinus,ANIMALIA,CHORDATA,PASSERIFORMES,AVES,FRINGILLIDAE,Spinus,spinus,,,,"(Linnaeus, 1758)",Least Concern,,3.1,Decreasing,Global
111131604,22720646,Loxia curvirostra,ANIMALIA,CHORDATA,PASSERIFORMES,AVES,FRINGILLIDAE,Loxia,curvirostra,,,,"Linnaeus, 1758",Least Concern,,3.1,Stable,Global
111132393,22720681,Coccothraustes coccothraustes,ANIMALIA,CHORDATA,PASSERIFORMES,AVES,FRINGILLIDAE,Coccothraustes,coccothraustes,,,,"(Linnaeus, 1758)",Least Concern,,3.1,Increasing,Global
111134095,22720894,Emberiza cia,ANIMALIA,CHORDATA,PASSERIFORMES,AVES,EMBERIZIDAE,Emberiza,cia,,,,"Linnaeus, 1766",Least Concern,,3.1,Increasing,Global
111136121,22720916,Emberiza hortulana,ANIMALIA,CHORDATA,PASSERIFORMES,AVES,EMBERIZIDAE,Emberiza,hortulana,,,,"Linnaeus, 1758",Least Concern,,3.1,Decreasing,Global
111155023,22735060,Certhia familiaris,ANIMALIA,CHORDATA,PASSERIFORMES,AVES,CERTHIIDAE,Certhia,familiaris,,,,"Linnaeus, 1758",Least Concern,,3.1,Stable,Global
111173412,103819582,Montifringilla nivalis,ANIMALIA,CHORDATA,PASSERIFORMES,AVES,PASSERIDAE,Montifringilla,nivalis,,,,"(Linnaeus, 1766)",Least Concern,,3.1,Stable,Global
111215843,22718392,Motacilla cinerea,ANIMALIA,CHORDATA,PASSERIFORMES,AVES,MOTACILLIDAE,Motacilla,cinerea,,,,"Tunstall, 1771",Least Concern,,3.1,Stable,Global
111611637,22693150,Limosa limosa,ANIMALIA,CHORDATA,CHARADRIIFORMES,AVES,SCOLOPACIDAE,Limosa,limosa,,,,"(Linnaeus, 1758)",Near Threatened,A2bcde+3bcde+4bcde,3.1,Decreasing,Global
111760622,22709696,Luscinia megarhynchos,ANIMALIA,CHORDATA,PASSERIFORMES,AVES,MUSCICAPIDAE,Luscinia,megarhynchos,,,,"(Brehm, 1831)",Least Concern,,3.1,Stable,Global
111783061,103692938,Oriolus oriolus,ANIMALIA,CHORDATA,PASSERIFORMES,AVES,ORIOLIDAE,Oriolus,oriolus,,,,"(Linnaeus, 1758)",Least Concern,,3.1,Stable,Global
111788908,22708257,Monticola saxatilis,ANIMALIA,CHORDATA,PASSERIFORMES,AVES,MUSCICAPIDAE,Monticola,saxatilis,,,,"(Linnaeus, 1766)",Least Concern,,3.1,Decreasing,Global
111812037,22716906,Sylvia borin,ANIMALIA,CHORDATA,PASSERIFORMES,AVES,SYLVIIDAE,Sylvia,borin,,,,"(Boddaert, 1783)",Least Concern,,3.1,Decreasing,Global
111814759,22714912,Hippolais polyglotta,ANIMALIA,CHORDATA,PASSERIFORMES,AVES,ACROCEPHALIDAE,Hippolais,polyglotta,,,,"(Vieillot, 1817)",Least Concern,,3.1,Increasing,Global
111819000,22680683,Jynx torquilla,ANIMALIA,CHORDATA,PICIFORMES,AVES,PICIDAE,Jynx,torquilla,,,,"Linnaeus, 1758",Least Concern,,3.1,Decreasing,Global
112300389,103727048,Pica pica,ANIMALIA,CHORDATA,PASSERIFORMES,AVES,CORVIDAE,Pica,pica,,,,"(Linnaeus, 1758)",Least Concern,,3.1,Stable,Global
112304840,61957558,Sorbus aucuparia,PLANTAE,TRACHEOPHYTA,ROSALES,MAGNOLIOPSIDA,ROSACEAE,Sorbus,aucuparia,,,,L.,Least Concern,,3.1,Unknown,Global
113271893,22706068,Corvus corax,ANIMALIA,CHORDATA,PASSERIFORMES,AVES,CORVIDAE,Corvus,corax,,,,"Linnaeus, 1758",Least Concern,,3.1,Increasing,Global
113569670,22688927,Bubo bubo,ANIMALIA,CHORDATA,STRIGIFORMES,AVES,STRIGIDAE,Bubo,bubo,,,,"(Linnaeus, 1758)",Least Concern,,3.1,Decreasing,Global
113623562,22679464,Lagopus muta,ANIMALIA,CHORDATA,GALLIFORMES,AVES,PHASIANIDAE,Lagopus,muta,,,,"(Montin, 1776)",Least Concern,,3.1,Decreasing,Global
115112050,13426,Microtus agrestis,ANIMALIA,CHORDATA,RODENTIA,MAMMALIA,CRICETIDAE,Microtus,agrestis,,,,"(Linnaeus, 1761)",Least Concern,,3.1,Stable,Global
115170489,29661,Sorex araneus,ANIMALIA,CHORDATA,EULIPOTYPHLA,MAMMALIA,SORICIDAE,Sorex,araneus,,,,"Linnaeus, 1758",Least Concern,,3.1,Stable,Global
115171222,29667,Sorex minutus,ANIMALIA,CHORDATA,EULIPOTYPHLA,MAMMALIA,SORICIDAE,Sorex,minutus,,,,"Linnaeus, 1766",Least Concern,,3.1,Stable,Global
115519839,136766,Arvicola scherman,ANIMALIA,CHORDATA,RODENTIA,MAMMALIA,CRICETIDAE,Arvicola,scherman,,,,"(Shaw, 1801)",Least Concern,,3.1,Stable,Global & Europe
117052436,42546,Taxus baccata,PLANTAE,TRACHEOPHYTA,PINALES,PINOPSIDA,TAXACEAE,Taxus,baccata,,,,L.,Least Concern,,3.1,Increasing,Global
117822768,22716984,Curruca undata,ANIMALIA,CHORDATA,PASSERIFORMES,AVES,SYLVIIDAE,Curruca,undata,,,,"(Boddaert, 1783)",Near Threatened,A2b+3b+4b,3.1,Decreasing,Global
117917038,22693190,Numenius arquata,ANIMALIA,CHORDATA,CHARADRIIFORMES,AVES,SCOLOPACIDAE,Numenius,arquata,,,,"(Linnaeus, 1758)",Near Threatened,A2bcd+3bcd+4bcd,3.1,Decreasing,Global
118689415,103761667,Cyanistes caeruleus,ANIMALIA,CHORDATA,PASSERIFORMES,AVES,PARIDAE,Cyanistes,caeruleus,,,,"(Linnaeus, 1758)",Least Concern,,3.1,Increasing,Global
118748864,103811886,Delichon urbicum,ANIMALIA,CHORDATA,PASSERIFORMES,AVES,HIRUNDINIDAE,Delichon,urbicum,,,,"(Linnaeus, 1758)",Least Concern,,3.1,Decreasing,Global
118779004,103723684,Garrulus glandarius,ANIMALIA,CHORDATA,PASSERIFORMES,AVES,CORVIDAE,Garrulus,glandarius,,,,"(Linnaeus, 1758)",Least Concern,,3.1,Stable,Global
118784397,22706016,Corvus corone,ANIMALIA,CHORDATA,PASSERIFORMES,AVES,CORVIDAE,Corvus,corone,,,,"Linnaeus, 1758",Least Concern,,3.1,Increasing,Global
118835425,22735965,Periparus ater,ANIMALIA,CHORDATA,PASSERIFORMES,AVES,PARIDAE,Periparus,ater,,,,"(Linnaeus, 1758)",Least Concern,,3.1,Decreasing,Global
118837418,22735995,Poecile palustris,ANIMALIA,CHORDATA,PASSERIFORMES,AVES,PARIDAE,Poecile,palustris,,,,"(Linnaeus, 1758)",Least Concern,,3.1,Decreasing,Global
118840565,22712216,Ptyonoprogne rupestris,ANIMALIA,CHORDATA,PASSERIFORMES,AVES,HIRUNDINIDAE,Ptyonoprogne,rupestris,,,,"(Scopoli, 1769)",Least Concern,,3.1,Stable,Global
118845180,22729533,Lanius meridionalis,ANIMALIA,CHORDATA,PASSERIFORMES,AVES,LANIIDAE,Lanius,meridionalis,,,,"Temminck, 1820",Vulnerable,A2abc+3bc+4abc,3.1,Decreasing,Global
119216586,22718270,Passer montanus,ANIMALIA,CHORDATA,PASSERIFORMES,AVES,PASSERIDAE,Passer,montanus,,,,"(Linnaeus, 1758)",Least Concern,,3.1,Decreasing,Global
119230833,203361,Tilia platyphyllos,PLANTAE,TRACHEOPHYTA,MALVALES,MAGNOLIOPSIDA,MALVACEAE,Tilia,platyphyllos,,,,Scop.,Least Concern,,3.1,Decreasing,Global & Europe
119836488,79733174,Salix myrsinifolia,PLANTAE,TRACHEOPHYTA,MALPIGHIALES,MAGNOLIOPSIDA,SALICACEAE,Salix,myrsinifolia,,,,Salisb.,Least Concern,,3.1,Stable,Global
119836573,102620898,Crataegus laciniata,PLANTAE,TRACHEOPHYTA,ROSALES,MAGNOLIOPSIDA,ROSACEAE,Crataegus,laciniata,,,,Ucria,Least Concern,,3.1,Unknown,Global
120104943,19379058,Lathyrus sphaericus,PLANTAE,TRACHEOPHYTA,FABALES,MAGNOLIOPSIDA,FABACEAE,Lathyrus,sphaericus,,,,Retz.,Least Concern,,3.1,Stable,Global
120105648,19379015,Lathyrus aphaca,PLANTAE,TRACHEOPHYTA,FABALES,MAGNOLIOPSIDA,FABACEAE,Lathyrus,aphaca,,,,L.,Least Concern,,3.1,Unknown,Global
120105980,19379030,Lathyrus nissolia,PLANTAE,TRACHEOPHYTA,FABALES,MAGNOLIOPSIDA,FABACEAE,Lathyrus,nissolia,,,,L.,Least Concern,,3.1,Unknown,Global
120143653,164459,Ceratophyllum demersum,PLANTAE,TRACHEOPHYTA,CERATOPHYLLALES,MAGNOLIOPSIDA,CERATOPHYLLACEAE,Ceratophyllum,demersum,,,,L.,Least Concern,,3.1,Stable,Global
120183780,14828406,Equisetum ramosissimum,PLANTAE,TRACHEOPHYTA,EQUISETALES,POLYPODIOPSIDA,EQUISETACEAE,Equisetum,ramosissimum,,,,Desf.,Least Concern,,3.1,Stable,Global
121229971,41688,Ursus arctos,ANIMALIA,CHORDATA,CARNIVORA,MAMMALIA,URSIDAE,Ursus,arctos,,,,"Linnaeus, 1758",Least Concern,,3.1,Stable,Global
121845599,83774084,Sorbus chamaemespilus,PLANTAE,TRACHEOPHYTA,ROSALES,MAGNOLIOPSIDA,ROSACEAE,Sorbus,chamaemespilus,,,,(L.) Crantz,Least Concern,,3.1,Stable,Global & Europe
122090848,122090215,Agaricus campestris,FUNGI,BASIDIOMYCOTA,AGARICALES,AGARICOMYCETES,AGARICACEAE,Agaricus,campestris,,,,L.,Least Concern,,3.1,Stable,Global
122090853,122090218,Agaricus sylvaticus,FUNGI,BASIDIOMYCOTA,AGARICALES,AGARICOMYCETES,AGARICACEAE,Agaricus,sylvaticus,,,,Schaeff.,Least Concern,,3.1,Stable,Global
122090858,122090225,Albatrellus confluens,FUNGI,BASIDIOMYCOTA,RUSSULALES,AGARICOMYCETES,ALBATRELLACEAE,Albatrellus,confluens,,,,"(Alb. &amp; Schwein.) Kotl. &amp; Pouzar,",Least Concern,,3.1,Stable,Global
122090863,122090234,Boletus edulis,FUNGI,BASIDIOMYCOTA,BOLETALES,AGARICOMYCETES,BOLETACEAE,Boletus,edulis,,,,Bull.,Least Concern,,3.1,Stable,Global
122090868,122090237,Boletus pinophilus,FUNGI,BASIDIOMYCOTA,BOLETALES,AGARICOMYCETES,BOLETACEAE,Boletus,pinophilus,,,,Pilát &amp; Dermek,Least Concern,,3.1,Stable,Global
122090878,122090261,Calocybe gambosa,FUNGI,BASIDIOMYCOTA,AGARICALES,AGARICOMYCETES,LYOPHYLLACEAE,Calocybe,gambosa,,,,(Fr.) Singer,Least Concern,,3.1,Stable,Global
122090893,122090466,Clitopilus prunulus,FUNGI,BASIDIOMYCOTA,AGARICALES,AGARICOMYCETES,ENTOLOMATACEAE,Clitopilus,prunulus,,,,(Scop.) P.Kumm.,Least Concern,,3.1,Stable,Global
122090898,122090475,Coprinus comatus,FUNGI,BASIDIOMYCOTA,AGARICALES,AGARICOMYCETES,AGARICACEAE,Coprinus,comatus,,,,(O.F.Müll.) Pers.,Least Concern,,3.1,Stable,Global
122090923,122090512,Flammulina velutipes,FUNGI,BASIDIOMYCOTA,AGARICALES,AGARICOMYCETES,PHYSALACRIACEAE,Flammulina,velutipes,,,,(Curtis) Singer,Least Concern,,3.1,Stable,Global
122090928,122090523,Gomphidius glutinosus,FUNGI,BASIDIOMYCOTA,BOLETALES,AGARICOMYCETES,GOMPHIDIACEAE,Gomphidius,glutinosus,,,,(Schaeff.) Fr.,Least Concern,,3.1,Stable,Global
122090933,122090530,Gomphidius roseus,FUNGI,BASIDIOMYCOTA,BOLETALES,AGARICOMYCETES,GOMPHIDIACEAE,Gomphidius,roseus,,,,(Fr.) Fr.,Least Concern,,3.1,Stable,Global
122090938,122090544,Hydnum repandum,FUNGI,BASIDIOMYCOTA,CANTHARELLALES,AGARICOMYCETES,HYDNACEAE,Hydnum,repandum,,,,L.,Least Concern,,3.1,Stable,Global
122090943,122090547,Hygrophorus hypothejus,FUNGI,BASIDIOMYCOTA,AGARICALES,AGARICOMYCETES,HYGROPHORACEAE,Hygrophorus,hypothejus,,,,(Fr.) Fr.,Least Concern,,3.1,Stable,Global
122090953,122090565,Hypholoma capnoides,FUNGI,BASIDIOMYCOTA,AGARICALES,AGARICOMYCETES,HYMENOGASTRACEAE,Hypholoma,capnoides,,,,(Fr.) P.Kumm.,Least Concern,,3.1,Stable,Global
122090963,122090579,Kuehneromyces mutabilis,FUNGI,BASIDIOMYCOTA,AGARICALES,AGARICOMYCETES,STROPHARIACEAE,Kuehneromyces,mutabilis,,,,(Schaeff.) Singer &amp; A.H.Sm.,Least Concern,,3.1,Stable,Global
122091023,122090665,Lycoperdon perlatum,FUNGI,BASIDIOMYCOTA,AGARICALES,AGARICOMYCETES,AGARICACEAE,Lycoperdon,perlatum,,,,Pers.,Least Concern,,3.1,Stable,Global
122091073,122090747,Russula vesca,FUNGI,BASIDIOMYCOTA,RUSSULALES,AGARICOMYCETES,RUSSULACEAE,Russula,vesca,,,,Fr.,Least Concern,,3.1,Stable,Global
122091093,122090785,Suillus bovinus,FUNGI,BASIDIOMYCOTA,BOLETALES,AGARICOMYCETES,SUILLACEAE,Suillus,bovinus,,,,"(L.) Roussel,",Least Concern,,3.1,Stable,Global
122091098,122090798,Suillus granulatus,FUNGI,BASIDIOMYCOTA,BOLETALES,AGARICOMYCETES,SUILLACEAE,Suillus,granulatus,,,,(L.) Roussel,Least Concern,,3.1,Stable,Global
122091108,122090818,Suillus luteus,FUNGI,BASIDIOMYCOTA,BOLETALES,AGARICOMYCETES,SUILLACEAE,Suillus,luteus,,,,(L.) Roussel,Least Concern,,3.1,Stable,Global
122091113,122090821,Suillus variegatus,FUNGI,BASIDIOMYCOTA,BOLETALES,AGARICOMYCETES,SUILLACEAE,Suillus,variegatus,,,,(Sw.) Richon &amp; Roze,Least Concern,,3.1,Stable,Global
122201856,176505,Lathyrus tuberosus,PLANTAE,TRACHEOPHYTA,FABALES,MAGNOLIOPSIDA,FABACEAE,Lathyrus,tuberosus,,,,L.,Least Concern,,3.1,Stable,Global
122201956,120074556,Lathyrus linifolius,PLANTAE,TRACHEOPHYTA,FABALES,MAGNOLIOPSIDA,FABACEAE,Lathyrus,linifolius,,,,(Reichard) Bässler,Least Concern,,3.1,Unknown,Global
122201991,120075014,Lathyrus pratensis,PLANTAE,TRACHEOPHYTA,FABALES,MAGNOLIOPSIDA,FABACEAE,Lathyrus,pratensis,,,,L.,Least Concern,,3.1,Stable,Global
122202046,120076146,Lathyrus vernus,PLANTAE,TRACHEOPHYTA,FABALES,MAGNOLIOPSIDA,FABACEAE,Lathyrus,vernus,,,,(L.) Bernh.,Least Concern,,3.1,Unknown,Global
122600528,16249,Parnassius apollo,ANIMALIA,ARTHROPODA,LEPIDOPTERA,INSECTA,PAPILIONIDAE,Parnassius,apollo,,,,"(Linnaeus, 1758)",Least Concern,,3.1,Decreasing,Global
122602056,174210,Parnassius mnemosyne,ANIMALIA,ARTHROPODA,LEPIDOPTERA,INSECTA,PAPILIONIDAE,Parnassius,mnemosyne,,,,"(Linnaeus, 1758)",Least Concern,,3.1,Decreasing,Global
125243029,171268,Macrogastra rolphii,ANIMALIA,MOLLUSCA,STYLOMMATOPHORA,GASTROPODA,CLAUSILIIDAE,Macrogastra,rolphii,,,,"(Turton, 1826)",Least Concern,,3.1,Stable,Global & Europe
125843152,156615,Helicella nubigena,ANIMALIA,MOLLUSCA,STYLOMMATOPHORA,GASTROPODA,GEOMITRIDAE,Helicella,nubigena,,,,"(De Saulcy, 1852)",Data Deficient,,3.1,Unknown,Global & Europe
125923004,193856,Acer pseudoplatanus,PLANTAE,TRACHEOPHYTA,SAPINDALES,MAGNOLIOPSIDA,SAPINDACEAE,Acer,pseudoplatanus,,,,L.,Least Concern,,3.1,Unknown,Global
126101798,156864,Trochulus hispidus,ANIMALIA,MOLLUSCA,STYLOMMATOPHORA,GASTROPODA,HYGROMIIDAE,Trochulus,hispidus,,,,"(Linnaeus, 1758)",Least Concern,,3.1,Stable,Global & Europe
128942433,61957125,Rhamnus cathartica,PLANTAE,TRACHEOPHYTA,ROSALES,MAGNOLIOPSIDA,RHAMNACEAE,Rhamnus,cathartica,,,,L.,Least Concern,,3.1,Stable,Global
130037386,22681076,Dryobates minor,ANIMALIA,CHORDATA,PICIFORMES,AVES,PICIDAE,Dryobates,minor,,,,"(Linnaeus, 1758)",Least Concern,,3.1,Decreasing,Global
131904485,22678944,Coturnix coturnix,ANIMALIA,CHORDATA,GALLIFORMES,AVES,PHASIANIDAE,Coturnix,coturnix,,,,"(Linnaeus, 1758)",Least Concern,,3.1,Decreasing,Global
131924602,22690103,Columba palumbus,ANIMALIA,CHORDATA,COLUMBIFORMES,AVES,COLUMBIDAE,Columba,palumbus,,,,"Linnaeus, 1758",Least Concern,,3.1,Increasing,Global
131943991,22705929,Corvus monedula,ANIMALIA,CHORDATA,PASSERIFORMES,AVES,CORVIDAE,Corvus,monedula,,,,"Linnaeus, 1758",Least Concern,,3.1,Stable,Global
131946814,22708156,Cinclus cinclus,ANIMALIA,CHORDATA,PASSERIFORMES,AVES,CINCLIDAE,Cinclus,cinclus,,,,"(Linnaeus, 1758)",Least Concern,,3.1,Decreasing,Global
131952521,22709308,Ficedula hypoleuca,ANIMALIA,CHORDATA,PASSERIFORMES,AVES,MUSCICAPIDAE,Ficedula,hypoleuca,,,,"(Pallas, 1764)",Least Concern,,3.1,Decreasing,Global
131953953,22709675,Erithacus rubecula,ANIMALIA,CHORDATA,PASSERIFORMES,AVES,MUSCICAPIDAE,Erithacus,rubecula,,,,"(Linnaeus, 1758)",Least Concern,,3.1,Increasing,Global
131985523,22718546,Anthus trivialis,ANIMALIA,CHORDATA,PASSERIFORMES,AVES,MOTACILLIDAE,Anthus,trivialis,,,,"(Linnaeus, 1758)",Least Concern,,3.1,Decreasing,Global
131988012,22718571,Anthus spinoletta,ANIMALIA,CHORDATA,PASSERIFORMES,AVES,MOTACILLIDAE,Anthus,spinoletta,,,,"(Linnaeus, 1758)",Least Concern,,3.1,Stable,Global
132000123,22720330,Chloris chloris,ANIMALIA,CHORDATA,PASSERIFORMES,AVES,FRINGILLIDAE,Chloris,chloris,,,,"(Linnaeus, 1758)",Least Concern,,3.1,Stable,Global
132004013,22720888,Emberiza cirlus,ANIMALIA,CHORDATA,PASSERIFORMES,AVES,EMBERIZIDAE,Emberiza,cirlus,,,,"Linnaeus, 1766",Least Concern,,3.1,Increasing,Global
132039889,102998555,Alauda arvensis,ANIMALIA,CHORDATA,PASSERIFORMES,AVES,ALAUDIDAE,Alauda,arvensis,,,,"Linnaeus, 1758",Least Concern,,3.1,Decreasing,Global
132076619,22708822,Turdus philomelos,ANIMALIA,CHORDATA,PASSERIFORMES,AVES,TURDIDAE,Turdus,philomelos,,,,"Brehm, 1831",Least Concern,,3.1,Increasing,Global
132113832,22716959,Curruca melanocephala,ANIMALIA,CHORDATA,PASSERIFORMES,AVES,SYLVIIDAE,Curruca,melanocephala,,,,"(Gmelin, 1789)",Least Concern,,3.1,Increasing,Global
132118966,22718651,Prunella modularis,ANIMALIA,CHORDATA,PASSERIFORMES,AVES,PRUNELLIDAE,Prunella,modularis,,,,"(Linnaeus, 1758)",Least Concern,,3.1,Decreasing,Global
132136209,22720049,Serinus serinus,ANIMALIA,CHORDATA,PASSERIFORMES,AVES,FRINGILLIDAE,Serinus,serinus,,,,"(Linnaeus, 1766)",Least Concern,,3.1,Decreasing,Global
132139778,22720441,Linaria cannabina,ANIMALIA,CHORDATA,PASSERIFORMES,AVES,FRINGILLIDAE,Linaria,cannabina,,,,"(Linnaeus, 1758)",Least Concern,,3.1,Decreasing,Global
132141969,22720671,Pyrrhula pyrrhula,ANIMALIA,CHORDATA,PASSERIFORMES,AVES,FRINGILLIDAE,Pyrrhula,pyrrhula,,,,"(Linnaeus, 1758)",Least Concern,,3.1,Decreasing,Global
132183740,22734997,Regulus regulus,ANIMALIA,CHORDATA,PASSERIFORMES,AVES,REGULIDAE,Regulus,regulus,,,,"(Linnaeus, 1758)",Least Concern,,3.1,Decreasing,Global
132192232,103773898,Oenanthe oenanthe,ANIMALIA,CHORDATA,PASSERIFORMES,AVES,MUSCICAPIDAE,Oenanthe,oenanthe,,,,"(Linnaeus, 1758)",Least Concern,,3.1,Decreasing,Global
132199203,103879804,Sitta europaea,ANIMALIA,CHORDATA,PASSERIFORMES,AVES,SITTIDAE,Sitta,europaea,,,,"Linnaeus, 1758",Least Concern,,3.1,Stable,Global
132200296,103883277,Troglodytes troglodytes,ANIMALIA,CHORDATA,PASSERIFORMES,AVES,TROGLODYTIDAE,Troglodytes,troglodytes,,,,"(Linnaeus, 1758)",Least Concern,,3.1,Increasing,Global
135202094,193835,Acer monspessulanum,PLANTAE,TRACHEOPHYTA,SAPINDALES,MAGNOLIOPSIDA,SAPINDACEAE,Acer,monspessulanum,,,,L.,Least Concern,,3.1,Stable,Global
135957650,83773098,Sambucus racemosa,PLANTAE,TRACHEOPHYTA,DIPSACALES,MAGNOLIOPSIDA,VIBURNACEAE,Sambucus,racemosa,,,,L.,Least Concern,,3.1,Stable,Global
137417893,22718348,Motacilla alba,ANIMALIA,CHORDATA,PASSERIFORMES,AVES,MOTACILLIDAE,Motacilla,alba,,,,"Linnaeus, 1758",Least Concern,,3.1,Stable,Global
137668645,22712252,Hirundo rustica,ANIMALIA,CHORDATA,PASSERIFORMES,AVES,HIRUNDINIDAE,Hirundo,rustica,,,,"Linnaeus, 1758",Least Concern,,3.1,Decreasing,Global
138330311,138329440,Imleria badia,FUNGI,BASIDIOMYCOTA,BOLETALES,AGARICOMYCETES,BOLETACEAE,Imleria,badia,,,,(Fr.) Vizzini,Least Concern,,3.1,Stable,Global
140229216,165498,Cordulegaster bidentata,ANIMALIA,ARTHROPODA,ODONATA,INSECTA,CORDULEGASTRIDAE,Cordulegaster,bidentata,,,,"Selys, 1843",Near Threatened,A3c,3.1,Decreasing,Global & Europe
140439343,164494,Phragmites australis,PLANTAE,TRACHEOPHYTA,POALES,LILIOPSIDA,POACEAE,Phragmites,australis,,,,(Cav.) Trin. ex Steud.,Least Concern,,3.1,Stable,Global
140511553,165509,Cordulegaster boltonii,ANIMALIA,ARTHROPODA,ODONATA,INSECTA,CORDULEGASTRIDAE,Cordulegaster,boltonii,,,,"(Donovan, 1807)",Least Concern,,3.1,Stable,Global
140537815,158704,Gomphus pulchellus,ANIMALIA,ARTHROPODA,ODONATA,INSECTA,GOMPHIDAE,Gomphus,pulchellus,,,,"Selys, 1840",Least Concern,,3.1,Stable,Global & Europe
140579909,158698,Orthetrum brunneum,ANIMALIA,ARTHROPODA,ODONATA,INSECTA,LIBELLULIDAE,Orthetrum,brunneum,,,,"(Fonscolombe, 1837)",Least Concern,,3.1,Increasing,Global
140754022,68451285,Phaneroptera nana,ANIMALIA,ARTHROPODA,ORTHOPTERA,INSECTA,TETTIGONIIDAE,Phaneroptera,nana,,,,"Fieber, 1853",Least Concern,,3.1,Increasing,Global
147993366,70207409,Mustela nivalis,ANIMALIA,CHORDATA,CARNIVORA,MAMMALIA,MUSTELIDAE,Mustela,nivalis,,,,"Linnaeus, 1766",Least Concern,,3.1,Stable,Global
149163339,149163337,Eumerus alpinus,ANIMALIA,ARTHROPODA,DIPTERA,INSECTA,SYRPHIDAE,Eumerus,alpinus,,,,"Rondani, 1857",Least Concern,,3.1,Unknown,Global & Europe
149163362,149163359,Pipiza noctiluca,ANIMALIA,ARTHROPODA,DIPTERA,INSECTA,SYRPHIDAE,Pipiza,noctiluca,,,,"(Linnaeus, 1758)",Least Concern,,3.1,Unknown,Global & Europe
149166208,149166205,Pipizella zeneggenensis,ANIMALIA,ARTHROPODA,DIPTERA,INSECTA,SYRPHIDAE,Pipizella,zeneggenensis,,,,"(Goeldlin de Tiefenau, 1974)",Least Concern,,3.1,Unknown,Global & Europe
149166450,149166448,Pipizella brevis,ANIMALIA,ARTHROPODA,DIPTERA,INSECTA,SYRPHIDAE,Pipizella,brevis,,,,"Lucas, 1977",Vulnerable,B1ab(iii)+2ab(iii),3.1,Unknown,Global & Europe
149166474,149166468,Pipizella annulata,ANIMALIA,ARTHROPODA,DIPTERA,INSECTA,SYRPHIDAE,Pipizella,annulata,,,,"(Macquart, 1829)",Near Threatened,B2ab(iii),3.1,Unknown,Global & Europe
149167519,149167516,Eupeodes lucasi,ANIMALIA,ARTHROPODA,DIPTERA,INSECTA,SYRPHIDAE,Eupeodes,lucasi,,,,"(Marcos-García &amp; Láska, 1983)",Least Concern,,3.1,Stable,Global & Europe
149168491,149168486,Merodon geniculatus,ANIMALIA,ARTHROPODA,DIPTERA,INSECTA,SYRPHIDAE,Merodon,geniculatus,,,,"Strobl, 1909",Near Threatened,B2ab(iii),3.1,Unknown,Global & Europe
149168944,149168942,Pipizella speighti,ANIMALIA,ARTHROPODA,DIPTERA,INSECTA,SYRPHIDAE,Pipizella,speighti,,,,"Verlinden, 1999",Least Concern,,3.1,Unknown,Global & Europe
149171606,149171603,Sericomyia bombiformis,ANIMALIA,ARTHROPODA,DIPTERA,INSECTA,SYRPHIDAE,Sericomyia,bombiformis,,,,"(Fallén, 1810)",Least Concern,,3.1,Stable,Global & Europe
149171836,149171833,Chrysotoxum fasciolatum,ANIMALIA,ARTHROPODA,DIPTERA,INSECTA,SYRPHIDAE,Chrysotoxum,fasciolatum,,,,"(De Geer, 1776)",Least Concern,,3.1,Unknown,Global & Europe
152281847,149170677,Psilota anthracina,ANIMALIA,ARTHROPODA,DIPTERA,INSECTA,SYRPHIDAE,Psilota,anthracina,,,,"Meigen, 1822",Least Concern,,3.1,Unknown,Global & Europe
152281891,149170850,Volucella elegans,ANIMALIA,ARTHROPODA,DIPTERA,INSECTA,SYRPHIDAE,Volucella,elegans,,,,"Loew, 1862",Least Concern,,3.1,Stable,Global & Europe
152615959,103764950,Carduelis carduelis,ANIMALIA,CHORDATA,PASSERIFORMES,AVES,FRINGILLIDAE,Carduelis,carduelis,,,,"(Linnaeus, 1758)",Least Concern,,3.1,Decreasing,Global
154373407,22690419,Streptopelia turtur,ANIMALIA,CHORDATA,COLUMBIFORMES,AVES,COLUMBIDAE,Streptopelia,turtur,,,,"(Linnaeus, 1758)",Vulnerable,A2bcd+3bcd+4bcd,3.1,Decreasing,Global
154813652,22695174,Gypaetus barbatus,ANIMALIA,CHORDATA,ACCIPITRIFORMES,AVES,ACCIPITRIDAE,Gypaetus,barbatus,,,,"(Linnaeus, 1758)",Near Threatened,A2cde,3.1,Decreasing,Global
155432370,22720030,Fringilla coelebs,ANIMALIA,CHORDATA,PASSERIFORMES,AVES,FRINGILLIDAE,Fringilla,coelebs,,,,"Linnaeus, 1758",Least Concern,,3.1,Increasing,Global
155470112,22689328,Athene noctua,ANIMALIA,CHORDATA,STRIGIFORMES,AVES,STRIGIDAE,Athene,noctua,,,,"(Scopoli, 1769)",Least Concern,,3.1,Stable,Global
155489183,22711234,Tichodroma muraria,ANIMALIA,CHORDATA,PASSERIFORMES,AVES,SITTIDAE,Tichodroma,muraria,,,,"(Linnaeus, 1766)",Least Concern,,3.1,Stable,Global
155493121,22690066,Columba livia,ANIMALIA,CHORDATA,COLUMBIFORMES,AVES,COLUMBIDAE,Columba,livia,,,,"Gmelin, 1789",Least Concern,,3.1,Decreasing,Global
155496731,22683873,Cuculus canorus,ANIMALIA,CHORDATA,CUCULIFORMES,AVES,CUCULIDAE,Cuculus,canorus,,,,"Linnaeus, 1758",Least Concern,,3.1,Decreasing,Global
155499724,22721020,Emberiza calandra,ANIMALIA,CHORDATA,PASSERIFORMES,AVES,EMBERIZIDAE,Emberiza,calandra,,,,"Linnaeus, 1758",Least Concern,,3.1,Decreasing,Global
155522130,103818789,Passer domesticus,ANIMALIA,CHORDATA,PASSERIFORMES,AVES,PASSERIDAE,Passer,domesticus,,,,"(Linnaeus, 1758)",Least Concern,,3.1,Decreasing,Global
155542941,22688504,Tyto alba,ANIMALIA,CHORDATA,STRIGIFORMES,AVES,TYTONIDAE,Tyto,alba,,,,"(Scopoli, 1769)",Least Concern,,3.1,Stable,Global
155573860,103718932,Lanius excubitor,ANIMALIA,CHORDATA,PASSERIFORMES,AVES,LANIIDAE,Lanius,excubitor,,,,"Linnaeus, 1758",Least Concern,,3.1,Decreasing,Global
155597798,22717411,Lullula arborea,ANIMALIA,CHORDATA,PASSERIFORMES,AVES,ALAUDIDAE,Lullula,arborea,,,,"(Linnaeus, 1758)",Least Concern,,3.1,Increasing,Global
155605346,22709192,Muscicapa striata,ANIMALIA,CHORDATA,PASSERIFORMES,AVES,MUSCICAPIDAE,Muscicapa,striata,,,,"(Pallas, 1764)",Least Concern,,3.1,Decreasing,Global
155608614,22710302,Oenanthe hispanica,ANIMALIA,CHORDATA,PASSERIFORMES,AVES,MUSCICAPIDAE,Oenanthe,hispanica,,,,"(Linnaeus, 1758)",Least Concern,,3.1,Decreasing,Global
155610899,22710051,Phoenicurus ochruros,ANIMALIA,CHORDATA,PASSERIFORMES,AVES,MUSCICAPIDAE,Phoenicurus,ochruros,,,,"(Gmelin, 1774)",Least Concern,,3.1,Increasing,Global
155611852,22710055,Phoenicurus phoenicurus,ANIMALIA,CHORDATA,PASSERIFORMES,AVES,MUSCICAPIDAE,Phoenicurus,phoenicurus,,,,"(Linnaeus, 1758)",Least Concern,,3.1,Increasing,Global
155613186,103843725,Phylloscopus collybita,ANIMALIA,CHORDATA,PASSERIFORMES,AVES,PHYLLOSCOPIDAE,Phylloscopus,collybita,,,,"(Vieillot, 1817)",Least Concern,,3.1,Increasing,Global
155622649,103874024,Curruca cantillans,ANIMALIA,CHORDATA,PASSERIFORMES,AVES,SYLVIIDAE,Curruca,cantillans,,,,"(Pallas, 1764)",Least Concern,,3.1,Increasing,Global
155623300,22716910,Curruca communis,ANIMALIA,CHORDATA,PASSERIFORMES,AVES,SYLVIIDAE,Curruca,communis,,,,"(Latham, 1787)",Least Concern,,3.1,Increasing,Global
155626439,22735012,Curruca hortensis,ANIMALIA,CHORDATA,PASSERIFORMES,AVES,SYLVIIDAE,Curruca,hortensis,,,,"(Gmelin, 1789)",Least Concern,,3.1,Increasing,Global
155629409,22708768,Turdus torquatus,ANIMALIA,CHORDATA,PASSERIFORMES,AVES,TURDIDAE,Turdus,torquatus,,,,"Linnaeus, 1758",Least Concern,,3.1,Stable,Global
161326679,174379,Vanessa cardui,ANIMALIA,ARTHROPODA,LEPIDOPTERA,INSECTA,NYMPHALIDAE,Vanessa,cardui,,,,"(Linnaeus, 1758)",Least Concern,,3.1,Unknown,Global
161341394,174427,Lampides boeticus,ANIMALIA,ARTHROPODA,LEPIDOPTERA,INSECTA,LYCAENIDAE,Lampides,boeticus,,,,"(Linnaeus, 1767)",Least Concern,,3.1,Unknown,Global
161341814,174289,Cacyreus marshalli,ANIMALIA,ARTHROPODA,LEPIDOPTERA,INSECTA,LYCAENIDAE,Cacyreus,marshalli,,,,"Butler, 1898",Least Concern,,3.1,Unknown,Global
161578748,43945544,Pinus uncinata,PLANTAE,TRACHEOPHYTA,PINALES,PINOPSIDA,PINACEAE,Pinus,uncinata,,,,Ramond ex DC.,Least Concern,,3.1,Stable,Global & Europe
161580271,167857,Equisetum arvense,PLANTAE,TRACHEOPHYTA,EQUISETALES,POLYPODIOPSIDA,EQUISETACEAE,Equisetum,arvense,,,,L.,Least Concern,,3.1,Unknown,Global
164578163,12419,Lutra lutra,ANIMALIA,CHORDATA,CARNIVORA,MAMMALIA,MUSTELIDAE,Lutra,lutra,,,,"(Linnaeus, 1758)",Near Threatened,A2c,3.1,Decreasing,Global
172421220,174225,Vanessa atalanta,ANIMALIA,ARTHROPODA,LEPIDOPTERA,INSECTA,NYMPHALIDAE,Vanessa,atalanta,,,,"(Linnaeus, 1758)",Least Concern,,3.1,Unknown,Global
174775859,789,Alburnus alburnus,ANIMALIA,CHORDATA,CYPRINIFORMES,ACTINOPTERYGII,LEUCISCIDAE,Alburnus,alburnus,,,,"(Linnaeus, 1758)",Least Concern,,3.1,Unknown,Global
174776839,2352,Atherina boyeri,ANIMALIA,CHORDATA,ATHERINIFORMES,ACTINOPTERYGII,ATHERINIDAE,Atherina,boyeri,,,,"Risso, 1810",Least Concern,,3.1,Unknown,Global
174781952,39270,Blicca bjoerkna,ANIMALIA,CHORDATA,CYPRINIFORMES,ACTINOPTERYGII,CYPRINIDAE,Blicca,bjoerkna,,,,"(Linnaeus, 1758)",Least Concern,,3.1,Unknown,Global
176038884,170989,Arion circumscriptus,ANIMALIA,MOLLUSCA,STYLOMMATOPHORA,GASTROPODA,ARIONIDAE,Arion,circumscriptus,,,,"Johnston, 1828",Least Concern,,3.1,Stable,Global & Europe
180096996,180096947,Flavoparmelia caperata,FUNGI,ASCOMYCOTA,LECANORALES,LECANOROMYCETES,PARMELIACEAE,Flavoparmelia,caperata,,,,(L.) Hale,Least Concern,,3.1,Increasing,Global
181050999,181049859,Felis silvestris,ANIMALIA,CHORDATA,CARNIVORA,MAMMALIA,FELIDAE,Felis,silvestris,,,,"Schreber, 1777",Least Concern,,3.1,Unknown,Global
181614254,22710184,Saxicola torquatus,ANIMALIA,CHORDATA,PASSERIFORMES,AVES,MUSCICAPIDAE,Saxicola,torquatus,,,,"(Linnaeus, 1766)",Least Concern,,3.1,Stable,Global
181651010,22695072,Milvus milvus,ANIMALIA,CHORDATA,ACCIPITRIFORMES,AVES,ACCIPITRIDAE,Milvus,milvus,,,,"(Linnaeus, 1758)",Least Concern,,3.1,Increasing,Global
181836360,22682655,Upupa epops,ANIMALIA,CHORDATA,BUCEROTIFORMES,AVES,UPUPIDAE,Upupa,epops,,,,"Linnaeus, 1758",Least Concern,,3.1,Decreasing,Global
183481909,22678711,Alectoris rufa,ANIMALIA,CHORDATA,GALLIFORMES,AVES,PHASIANIDAE,Alectoris,rufa,,,,"(Linnaeus, 1758)",Near Threatened,A2bcde+3bcde+4bcde,3.1,Decreasing,Global
183577281,22725015,Picus sharpei,ANIMALIA,CHORDATA,PICIFORMES,AVES,PICIDAE,Picus,sharpei,,,,"(Saunders, 1872)",Least Concern,,3.1,Decreasing,Global
185400911,174286,Leptotes pirithous,ANIMALIA,ARTHROPODA,LEPIDOPTERA,INSECTA,LYCAENIDAE,Leptotes,pirithous,,,,"(Linnaeus, 1767)",Least Concern,,3.1,Unknown,Global
193903628,23062,Vulpes vulpes,ANIMALIA,CHORDATA,CARNIVORA,MAMMALIA,CANIDAE,Vulpes,vulpes,,,,"(Linnaeus, 1758)",Least Concern,,3.1,Stable,Global
194678129,194660573,Parmelia saxatilis,FUNGI,ASCOMYCOTA,LECANORALES,LECANOROMYCETES,PARMELIACEAE,Parmelia,saxatilis,,,,(L.) Ach.,Least Concern,,3.1,Stable,Global
194678139,194660719,Parmeliopsis ambigua,FUNGI,ASCOMYCOTA,LECANORALES,LECANOROMYCETES,PARMELIACEAE,Parmeliopsis,ambigua,,,,(Hoffm.) Nyl.,Least Concern,,3.1,Stable,Global
194678144,194660868,Parmeliopsis hyperopta,FUNGI,ASCOMYCOTA,LECANORALES,LECANOROMYCETES,PARMELIACEAE,Parmeliopsis,hyperopta,,,,(Ach.) Vain.,Least Concern,,3.1,Stable,Global
195834153,85199559,Eptesicus serotinus,ANIMALIA,CHORDATA,CHIROPTERA,MAMMALIA,VESPERTILIONIDAE,Eptesicus,serotinus,,,,"Schreber, 1774",Least Concern,,3.1,Stable,Global
195855497,3798,Capra pyrenaica,ANIMALIA,CHORDATA,CETARTIODACTYLA,MAMMALIA,BOVIDAE,Capra,pyrenaica,,,,"Schinz, 1838",Least Concern,,3.1,Increasing,"Global, Europe & Mediterranean"
195858793,85342710,Myotis daubentonii,ANIMALIA,CHORDATA,CHIROPTERA,MAMMALIA,VESPERTILIONIDAE,Myotis,daubentonii,,,,"(Kuhl, 1817)",Least Concern,,3.1,Stable,Global
195861341,85535522,Plecotus auritus,ANIMALIA,CHORDATA,CHIROPTERA,MAMMALIA,VESPERTILIONIDAE,Plecotus,auritus,,,,"Linnaeus, 1758",Least Concern,,3.1,Stable,Global
195862345,85533333,Plecotus austriacus,ANIMALIA,CHORDATA,CHIROPTERA,MAMMALIA,VESPERTILIONIDAE,Plecotus,austriacus,,,,"(Fischer, 1829)",Near Threatened,A2c,3.1,Decreasing,Global & Europe
196581936,85333513,Pipistrellus pipistrellus,ANIMALIA,CHORDATA,CHIROPTERA,MAMMALIA,VESPERTILIONIDAE,Pipistrellus,pipistrellus,,,,"(Schreber, 1774)",Least Concern,,3.1,Stable,Global
197270811,1904,Apodemus sylvaticus,ANIMALIA,CHORDATA,RODENTIA,MAMMALIA,MURIDAE,Apodemus,sylvaticus,,,,"(Linnaeus, 1758)",Least Concern,,3.1,Stable,Global
197519724,13972,Mus musculus,ANIMALIA,CHORDATA,RODENTIA,MAMMALIA,MURIDAE,Mus,musculus,,,,"Linnaeus, 1758",Least Concern,,3.1,Stable,Global
198505113,22695683,Accipiter gentilis,ANIMALIA,CHORDATA,ACCIPITRIFORMES,AVES,ACCIPITRIDAE,Accipiter,gentilis,,,,"(Linnaeus, 1758)",Least Concern,,3.1,Unknown,Global
199751254,22695624,Accipiter nisus,ANIMALIA,CHORDATA,ACCIPITRIFORMES,AVES,ACCIPITRIDAE,Accipiter,nisus,,,,"(Linnaeus, 1758)",Least Concern,,3.1,Stable,Global
200497981,22727733,Circus cyaneus,ANIMALIA,CHORDATA,ACCIPITRIFORMES,AVES,ACCIPITRIDAE,Circus,cyaneus,,,,"(Linnaeus, 1766)",Least Concern,,3.1,Decreasing,Global
201058261,22695405,Circus pygargus,ANIMALIA,CHORDATA,ACCIPITRIFORMES,AVES,ACCIPITRIDAE,Circus,pygargus,,,,"(Linnaeus, 1758)",Least Concern,,3.1,Decreasing,Global
201150685,22689507,Asio otus,ANIMALIA,CHORDATA,STRIGIFORMES,AVES,STRIGIDAE,Asio,otus,,,,"(Linnaeus, 1758)",Least Concern,,3.1,Decreasing,Global
201898946,22689362,Aegolius funereus,ANIMALIA,CHORDATA,STRIGIFORMES,AVES,STRIGIDAE,Aegolius,funereus,,,,"(Linnaeus, 1758)",Least Concern,,3.1,Stable,Global
202078899,22696060,Aquila chrysaetos,ANIMALIA,CHORDATA,ACCIPITRIFORMES,AVES,ACCIPITRIDAE,Aquila,chrysaetos,,,,"(Linnaeus, 1758)",Least Concern,,3.1,Stable,Global
203141317,22734216,Circaetus gallicus,ANIMALIA,CHORDATA,ACCIPITRIFORMES,AVES,ACCIPITRIDAE,Circaetus,gallicus,,,,"(Gmelin, 1788)",Least Concern,,3.1,Stable,Global
203357709,22695344,Circus aeruginosus,ANIMALIA,CHORDATA,ACCIPITRIFORMES,AVES,ACCIPITRIDAE,Circus,aeruginosus,,,,"(Linnaeus, 1758)",Least Concern,,3.1,Stable,Global
205187871,22695180,Neophron percnopterus,ANIMALIA,CHORDATA,ACCIPITRIFORMES,AVES,ACCIPITRIDAE,Neophron,percnopterus,,,,"(Linnaeus, 1758)",Endangered,A2abcde+3bcde+4abcde,3.1,Decreasing,Global
206217909,45354964,Falco peregrinus,ANIMALIA,CHORDATA,FALCONIFORMES,AVES,FALCONIDAE,Falco,peregrinus,,,,"Tunstall, 1771",Least Concern,,3.1,Increasing,Global
206270514,22696460,Falco subbuteo,ANIMALIA,CHORDATA,FALCONIFORMES,AVES,FALCONIDAE,Falco,subbuteo,,,,"Linnaeus, 1758",Least Concern,,3.1,Decreasing,Global
206316110,22696362,Falco tinnunculus,ANIMALIA,CHORDATA,FALCONIFORMES,AVES,FALCONIDAE,Falco,tinnunculus,,,,"Linnaeus, 1758",Least Concern,,3.1,Decreasing,Global
206523296,155019854,Otus scops,ANIMALIA,CHORDATA,STRIGIFORMES,AVES,STRIGIDAE,Otus,scops,,,,"(Linnaeus, 1758)",Least Concern,,3.1,Decreasing,Global
206634667,61695117,Buteo buteo,ANIMALIA,CHORDATA,ACCIPITRIFORMES,AVES,ACCIPITRIDAE,Buteo,buteo,,,,"(Linnaeus, 1758)",Least Concern,,3.1,Increasing,Global
206749274,22694989,Pernis apivorus,ANIMALIA,CHORDATA,ACCIPITRIFORMES,AVES,ACCIPITRIDAE,Pernis,apivorus,,,,"(Linnaeus, 1758)",Least Concern,,3.1,Stable,Global
209744544,22705095,Lanius senator,ANIMALIA,CHORDATA,PASSERIFORMES,AVES,LANIIDAE,Lanius,senator,,,,"Linnaeus, 1758",Near Threatened,A2bcde+3bcde+4bcde,3.1,Decreasing,Global
214429993,8826,Galemys pyrenaicus,ANIMALIA,CHORDATA,EULIPOTYPHLA,MAMMALIA,TALPIDAE,Galemys,pyrenaicus,,,,"(E. Geoffroy St. Hilaire, 1811)",Endangered,A2ac+4ac,3.1,Decreasing,"Global, Europe & Mediterranean"
216974823,47113126,Anguis fragilis,ANIMALIA,CHORDATA,SQUAMATA,REPTILIA,ANGUIDAE,Anguis,fragilis,,,,"Linnaeus, 1758",Least Concern,,3.1,Stable,Global & Europe
217715455,19771,Rupicapra pyrenaica,ANIMALIA,CHORDATA,CETARTIODACTYLA,MAMMALIA,BOVIDAE,Rupicapra,pyrenaica,,,,"Bonaparte, 1845",Least Concern,,3.1,Increasing,Global & Europe
